requested_entrez	requested_symbol	authorized_probe_count	authorized_probe_ids	reference_population	reference_n	reference_mean	reference_sd
57007	ACKR3	2	ILMN_1798360;ILMN_2371458	All 146 GSE72810 samples	146	6.24212076122945	0.199411260576921
59	ACTA2	1	ILMN_1671703	All 146 GSE72810 samples	146	7.8376118709589	0.777914645617953
575	ADGRB1	4	ILMN_1729529;ILMN_1763869;ILMN_1779510;ILMN_1797130	All 146 GSE72810 samples	146	5.88688453139212	0.0649807664552791
326	AIRE	3	ILMN_1670282;ILMN_1791236;ILMN_2261519	All 146 GSE72810 samples	146	7.99049665309589	0.144777348750902
9582	APOBEC3B	1	ILMN_2219466	All 146 GSE72810 samples	146	6.14649124817123	0.281969742780409
200316	APOBEC3F	4	ILMN_1702706;ILMN_1710726;ILMN_2296950;ILMN_2412172	All 146 GSE72810 samples	146	6.7512099890137	0.22332995532861
164668	APOBEC3H	1	ILMN_1664828	All 146 GSE72810 samples	146	6.33830235956849	0.313962306824867
481	ATP1B1	3	ILMN_1658071;ILMN_1730291;ILMN_2407824	All 146 GSE72810 samples	146	6.12379740410274	0.114639117197799
498	ATP5F1A	2	ILMN_1764494;ILMN_2341363	All 146 GSE72810 samples	146	11.108306686726	0.395054318322269
521	ATP5ME	3	ILMN_1703415;ILMN_1726603;ILMN_1772506	All 146 GSE72810 samples	146	7.63041066706621	0.39917840417029
9551	ATP5MF	2	ILMN_2307883;ILMN_2310621	All 146 GSE72810 samples	146	9.32112248851712	0.428402857458954
558	AXL	2	ILMN_1701877;ILMN_2364521	All 146 GSE72810 samples	146	6.02313811714041	0.246357344667653
64343	AZI2	1	ILMN_1733680	All 146 GSE72810 samples	146	6.75400669830822	0.357857475673752
596	BCL2	4	ILMN_1701120;ILMN_1801119;ILMN_2246956;ILMN_2363250	All 146 GSE72810 samples	146	6.621904684125	0.263405862895766
640	BLK	1	ILMN_1668277	All 146 GSE72810 samples	146	8.00989971618493	0.674042581316441
654	BMP6	1	ILMN_1747650	All 146 GSE72810 samples	146	6.38681309345206	0.300883894260552
657	BMPR1A	2	ILMN_1706957;ILMN_2095577	All 146 GSE72810 samples	146	5.98575724768836	0.0796756341736826
665	BNIP3L	2	ILMN_1718961;ILMN_2045419	All 146 GSE72810 samples	146	7.80446374017123	0.990330451375998
11120	BTN2A1	2	ILMN_1783392;ILMN_2364852	All 146 GSE72810 samples	146	7.16747266061986	0.313319348342528
10385	BTN2A2	2	ILMN_1752758;ILMN_2256894	All 146 GSE72810 samples	146	6.13156863031849	0.0964735278208528
54718	BTN2A3P	1	ILMN_1721813	All 146 GSE72810 samples	146	5.80923574770548	0.115766356349582
11119	BTN3A1	2	ILMN_1687888;ILMN_1802708	All 146 GSE72810 samples	146	7.05473112013356	0.34804446418563
717	C2	1	ILMN_1710740	All 146 GSE72810 samples	146	6.28631382688356	0.268040534353127
64170	CARD9	1	ILMN_1712532	All 146 GSE72810 samples	146	7.50884254116438	0.439799107324059
841	CASP8	5	ILMN_1669565;ILMN_1673757;ILMN_1787749;ILMN_1809313;ILMN_2377733	All 146 GSE72810 samples	146	6.25947978235068	0.158702671532194
847	CAT	2	ILMN_1651705;ILMN_2151739	All 146 GSE72810 samples	146	8.50233975206849	0.595428442790586
868	CBLB	1	ILMN_1685580	All 146 GSE72810 samples	146	8.20326484628082	0.641260220920514
56477	CCL28	3	ILMN_1701347;ILMN_1774087;ILMN_2228845	All 146 GSE72810 samples	146	6.11113793014155	0.0741470369933001
6355	CCL8	1	ILMN_1772964	All 146 GSE72810 samples	146	6.49136821865069	1.12081936006417
1230	CCR1	1	ILMN_1678833	All 146 GSE72810 samples	146	8.51279156520548	0.830345990588826
1232	CCR3	2	ILMN_1656684;ILMN_1763322	All 146 GSE72810 samples	146	6.42348344890753	0.408828668173089
1233	CCR4	1	ILMN_2086143	All 146 GSE72810 samples	146	5.93611188350685	0.163535783825483
1234	CCR5	2	ILMN_1653395;ILMN_2145033	All 146 GSE72810 samples	146	5.91556762158219	0.0944681529665852
1235	CCR6	3	ILMN_1690907;ILMN_1759635;ILMN_2387696	All 146 GSE72810 samples	146	8.94830572500913	0.276239736609509
1236	CCR7	1	ILMN_1715131	All 146 GSE72810 samples	146	10.1619044489178	0.912246894446242
10803	CCR9	2	ILMN_1664316;ILMN_2337386	All 146 GSE72810 samples	146	6.09128706258904	0.139023975240492
11126	CD160	1	ILMN_1742001	All 146 GSE72810 samples	146	6.32724193939726	0.383419947109503
8763	CD164	1	ILMN_1783852	All 146 GSE72810 samples	146	6.49293741810274	0.258610173441181
912	CD1D	2	ILMN_1719433;ILMN_1892782	All 146 GSE72810 samples	146	6.8871083707089	0.306491985749177
958	CD40	2	ILMN_1779257;ILMN_2367818	All 146 GSE72810 samples	146	6.32845124313356	0.190770766726875
941	CD80	1	ILMN_1716736	All 146 GSE72810 samples	146	5.94391638138356	0.141066274701504
10225	CD96	2	ILMN_1711573;ILMN_2415786	All 146 GSE72810 samples	146	7.86996737259932	0.658759876554408
1021	CDK6	1	ILMN_1802615	All 146 GSE72810 samples	146	7.21603165808904	0.451990765747573
10462	CLEC10A	3	ILMN_1653166;ILMN_1704797;ILMN_2415303	All 146 GSE72810 samples	146	6.0873686690411	0.15161952953559
1240	CMKLR1	1	ILMN_1673030	All 146 GSE72810 samples	146	6.2103209994589	0.272903430710194
1380	CR2	3	ILMN_1684724;ILMN_1727753;ILMN_2369666	All 146 GSE72810 samples	146	6.15042134962557	0.140802858015232
58487	CREBZF	1	ILMN_1784847	All 146 GSE72810 samples	146	6.22534161500685	0.149164805354881
1435	CSF1	3	ILMN_1733402;ILMN_1805930;ILMN_2302947	All 146 GSE72810 samples	146	5.83660398761872	0.0776672276289275
1514	CTSL	3	ILMN_1694757;ILMN_1812995;ILMN_2374036	All 146 GSE72810 samples	146	7.03302470590639	0.559021003471938
643	CXCR5	3	ILMN_1699669;ILMN_2337928;ILMN_2337931	All 146 GSE72810 samples	146	6.92786435068722	0.368096487312728
57105	CYSLTR2	1	ILMN_1773204	All 146 GSE72810 samples	146	5.89617682941096	0.142592007735126
10521	DDX17	3	ILMN_1675124;ILMN_1774513;ILMN_2371590	All 146 GSE72810 samples	146	8.55027870714384	0.440546644501573
9188	DDX21	1	ILMN_1735461	All 146 GSE72810 samples	146	7.99404112120548	0.461598607817612
1654	DDX3X	2	ILMN_1728870;ILMN_1794392	All 146 GSE72810 samples	146	7.6729858542911	0.278675171280295
55601	DDX60	1	ILMN_1795181	All 146 GSE72810 samples	146	7.26887634077397	0.835051151742947
1672	DEFB1	1	ILMN_1686573	All 146 GSE72810 samples	146	6.13380502176712	0.602735839585023
79132	DHX58	1	ILMN_1678422	All 146 GSE72810 samples	146	7.28206635492466	0.932260492677946
151636	DTX3L	1	ILMN_1784380	All 146 GSE72810 samples	146	6.48564149389041	0.343581249650892
5610	EIF2AK2	1	ILMN_1706502	All 146 GSE72810 samples	146	10.1747712692466	1.05505766755381
1979	EIF4EBP2	1	ILMN_1728083	All 146 GSE72810 samples	146	8.24339392005479	0.38069934496724
1997	ELF1	1	ILMN_1664010	All 146 GSE72810 samples	146	9.81954629493836	0.61354087819093
23052	ENDOD1	1	ILMN_1699022	All 146 GSE72810 samples	146	6.63236950406164	0.328595152200951
5167	ENPP1	1	ILMN_1700888	All 146 GSE72810 samples	146	6.13188084734247	0.0960217389294761
114625	ERMAP	2	ILMN_1715013;ILMN_1785387	All 146 GSE72810 samples	146	6.25308598746575	0.234476270220418
2113	ETS1	2	ILMN_1687538;ILMN_2122103	All 146 GSE72810 samples	146	10.1036878549966	0.811215035636009
5393	EXOSC9	2	ILMN_1721713;ILMN_2312719	All 146 GSE72810 samples	146	6.70378295742808	0.231692846328606
63901	FAM111A	2	ILMN_1778845;ILMN_2410038	All 146 GSE72810 samples	146	8.21692426869863	0.418222233317479
355	FAS	2	ILMN_1808132;ILMN_2319077	All 146 GSE72810 samples	146	6.25456424475	0.239610827766415
2213	FCGR2B	3	ILMN_1660027;ILMN_1804174;ILMN_2382403	All 146 GSE72810 samples	146	6.29131785081735	0.189701686059676
2214	FCGR3A	2	ILMN_1703679;ILMN_2112580	All 146 GSE72810 samples	146	6.78744175487671	0.476227997848041
2215	FCGR3B	2	ILMN_1728639;ILMN_2134453	All 146 GSE72810 samples	146	9.7521140512911	0.939849312422578
50943	FOXP3	1	ILMN_1768049	All 146 GSE72810 samples	146	5.90015888341096	0.147354743200051
2444	FRK	1	ILMN_1727605	All 146 GSE72810 samples	146	5.77476115694521	0.127998772042001
10146	G3BP1	2	ILMN_2344455;ILMN_2357809	All 146 GSE72810 samples	146	6.46525094839384	0.1794154483191
9908	G3BP2	4	ILMN_1720422;ILMN_1759622;ILMN_2381753;ILMN_2381758	All 146 GSE72810 samples	146	7.02900912178254	0.190170898978177
2625	GATA3	1	ILMN_2406656	All 146 GSE72810 samples	146	6.22840007293836	0.154545728128182
2633	GBP1	2	ILMN_1701114;ILMN_2148785	All 146 GSE72810 samples	146	8.48392970448288	1.3291888917828
2635	GBP3	1	ILMN_1725314	All 146 GSE72810 samples	146	6.20408645980822	0.151677918913247
1880	GPR183	2	ILMN_1798706;ILMN_2168217	All 146 GSE72810 samples	146	7.58226158791096	0.601781193692454
51191	HERC5	1	ILMN_1729749	All 146 GSE72810 samples	146	10.0202211233767	1.71871940693554
23119	HIC2	1	ILMN_1652762	All 146 GSE72810 samples	146	6.51704603056164	0.157231127091612
29851	ICOS	1	ILMN_1669927	All 146 GSE72810 samples	146	7.23024718828082	0.627787196659302
23308	ICOSLG	1	ILMN_1675671	All 146 GSE72810 samples	146	6.19477618536301	0.132964957305575
3429	IFI27	1	ILMN_2058782	All 146 GSE72810 samples	146	10.7911372623288	2.72614870952157
3430	IFI35	1	ILMN_1745374	All 146 GSE72810 samples	146	9.78822636769178	1.09241578781206
10561	IFI44	1	ILMN_1760062	All 146 GSE72810 samples	146	9.06046147309589	1.76082520395362
10964	IFI44L	1	ILMN_1723912	All 146 GSE72810 samples	146	9.66868060043836	2.12891962422684
2537	IFI6	2	ILMN_1687384;ILMN_2347798	All 146 GSE72810 samples	146	10.7237190299829	1.28121582905088
64135	IFIH1	1	ILMN_1781373	All 146 GSE72810 samples	146	7.97883609533562	1.04342251983872
3434	IFIT1	2	ILMN_1699331;ILMN_1707695	All 146 GSE72810 samples	146	7.52652982777397	1.10971407252059
439996	IFIT1B	1	ILMN_1759155	All 146 GSE72810 samples	146	8.29610291456849	1.85422352764997
3433	IFIT2	1	ILMN_1739428	All 146 GSE72810 samples	146	10.3171785193014	1.73877422930899
3437	IFIT3	3	ILMN_1664543;ILMN_1701789;ILMN_2239754	All 146 GSE72810 samples	146	8.45765883593151	1.50115076930273
24138	IFIT5	1	ILMN_1696654	All 146 GSE72810 samples	146	6.74478334109589	0.534738684633067
10410	IFITM3	1	ILMN_1805750	All 146 GSE72810 samples	146	12.2551041544795	1.28542899014951
10643	IGF2BP3	1	ILMN_1807423	All 146 GSE72810 samples	146	7.26615223323288	0.7182568370828
3600	IL15	4	ILMN_1724181;ILMN_1785312;ILMN_2273053;ILMN_2369221	All 146 GSE72810 samples	146	6.23286917379452	0.149404405604049
3557	IL1RN	3	ILMN_1689734;ILMN_1774874;ILMN_1806249	All 146 GSE72810 samples	146	7.92770298476027	0.706487506909173
246778	IL27	1	ILMN_1753758	All 146 GSE72810 samples	146	6.13488797965069	0.330949900564156
3559	IL2RA	2	ILMN_1683774;ILMN_2108699	All 146 GSE72810 samples	146	6.06029635628082	0.12720762438294
3575	IL7R	2	ILMN_1691341;ILMN_2342579	All 146 GSE72810 samples	146	10.1744310388527	0.951500367689337
10527	IPO7	1	ILMN_1652378	All 146 GSE72810 samples	146	6.10329192705479	0.12496544375545
3665	IRF7	3	ILMN_1674646;ILMN_1798181;ILMN_2349061	All 146 GSE72810 samples	146	8.24832384690639	0.849301180579955
10379	IRF9	1	ILMN_1745471	All 146 GSE72810 samples	146	10.575692482774	0.604184116721942
9636	ISG15	1	ILMN_2054019	All 146 GSE72810 samples	146	9.18550530482877	1.79927686551104
3669	ISG20	1	ILMN_1659913	All 146 GSE72810 samples	146	11.3561145184452	0.774332087721877
84502	JPH4	1	ILMN_1758829	All 146 GSE72810 samples	146	5.87541874008904	0.129415369554034
3802	KIR2DL1	2	ILMN_1678882;ILMN_1786810	All 146 GSE72810 samples	146	6.33656873238014	0.321441627778077
3806	KIR2DS1	2	ILMN_1722506;ILMN_2166812	All 146 GSE72810 samples	146	5.88818486783219	0.0841541913202073
3810	KIR2DS5	1	ILMN_1691803	All 146 GSE72810 samples	146	6.31857183660959	0.26015869458692
3811	KIR3DL1	2	ILMN_1733245;ILMN_2131828	All 146 GSE72810 samples	146	6.33831391552055	0.25557099669173
10219	KLRG1	2	ILMN_1658399;ILMN_2124920	All 146 GSE72810 samples	146	6.76880199384932	0.377987375794374
54900	LAX1	1	ILMN_1769782	All 146 GSE72810 samples	146	7.55988716847945	0.580740532575085
3976	LIF	1	ILMN_1738725	All 146 GSE72810 samples	146	5.83249673589041	0.142138507929958
23547	LILRA4	1	ILMN_1702385	All 146 GSE72810 samples	146	6.00817681553425	0.16427113815853
4063	LY9	3	ILMN_1731928;ILMN_1756275;ILMN_1812278	All 146 GSE72810 samples	146	6.76422173541553	0.331076215612819
10892	MALT1	2	ILMN_1730986;ILMN_2387791	All 146 GSE72810 samples	146	6.30837693559589	0.18308208920604
55016	MARCHF1	2	ILMN_1681101;ILMN_2094942	All 146 GSE72810 samples	146	6.39089612308904	0.234997892155232
9782	MATR3	4	ILMN_1660179;ILMN_1815107;ILMN_2296369;ILMN_2411076	All 146 GSE72810 samples	146	6.81069519331336	0.227802463383914
255231	MCOLN2	1	ILMN_1660462	All 146 GSE72810 samples	146	6.79392975891781	0.455158630813058
4191	MDH2	1	ILMN_2079004	All 146 GSE72810 samples	146	11.100425829589	0.337044480217233
4210	MEFV	2	ILMN_1804738;ILMN_2115752	All 146 GSE72810 samples	146	7.10202683333562	0.534492588373188
9258	MFHAS1	1	ILMN_1745686	All 146 GSE72810 samples	146	6.97987485512329	0.368025706821601
11043	MID2	3	ILMN_1760180;ILMN_2264597;ILMN_2382648	All 146 GSE72810 samples	146	5.98197286084247	0.0828813014506125
4343	MOV10	1	ILMN_1725700	All 146 GSE72810 samples	146	7.42190695753425	0.75831603158942
28998	MRPL13	1	ILMN_1671158	All 146 GSE72810 samples	146	6.59497262776712	0.443162905568552
29093	MRPL22	2	ILMN_1663220;ILMN_1748819	All 146 GSE72810 samples	146	7.47034347636986	0.588855063405754
64963	MRPS11	2	ILMN_1722905;ILMN_2405915	All 146 GSE72810 samples	146	7.95366939609247	0.272380942914196
51023	MRPS18C	2	ILMN_1658416;ILMN_2085903	All 146 GSE72810 samples	146	7.01175320813014	0.395073783512455
2206	MS4A2	1	ILMN_1806721	All 146 GSE72810 samples	146	5.97342842223288	0.179095614035741
113115	MTFR2	2	ILMN_1697998;ILMN_2139827	All 146 GSE72810 samples	146	6.03379965506849	0.0882481370401239
4599	MX1	1	ILMN_1662358	All 146 GSE72810 samples	146	11.9429128112123	1.43290644341331
4600	MX2	1	ILMN_2231928	All 146 GSE72810 samples	146	10.137709171089	0.999139345263779
23138	N4BP3	1	ILMN_1678531	All 146 GSE72810 samples	146	5.84768136397945	0.148155458115515
4696	NDUFA3	1	ILMN_1784641	All 146 GSE72810 samples	146	10.4695011944589	0.385934710328767
4697	NDUFA4	1	ILMN_1751258	All 146 GSE72810 samples	146	9.81027859128082	0.926860969351928
51103	NDUFAF1	1	ILMN_1754421	All 146 GSE72810 samples	146	6.57648056409589	0.395668385788095
91942	NDUFAF2	1	ILMN_1682857	All 146 GSE72810 samples	146	6.70837377012329	0.395255145601862
137682	NDUFAF6	1	ILMN_1727618	All 146 GSE72810 samples	146	6.21489910967123	0.160036024365812
55471	NDUFAF7	3	ILMN_1722186;ILMN_1787370;ILMN_2394132	All 146 GSE72810 samples	146	6.49628820298174	0.172212560922106
4707	NDUFB1	1	ILMN_1724367	All 146 GSE72810 samples	146	6.02541134956164	0.0986088849526277
4709	NDUFB3	2	ILMN_2119937;ILMN_2119945	All 146 GSE72810 samples	146	8.48508943338356	0.950262871740361
4718	NDUFC2	1	ILMN_1694274	All 146 GSE72810 samples	146	6.05436493410274	0.154937975359761
4724	NDUFS4	1	ILMN_1812312	All 146 GSE72810 samples	146	7.61446392489726	0.702072796558022
4731	NDUFV3	2	ILMN_1765500;ILMN_2387731	All 146 GSE72810 samples	146	6.15719085441096	0.107066014581373
64127	NOD2	1	ILMN_1762594	All 146 GSE72810 samples	146	7.67345355781507	0.652592044300237
51251	NT5C3A	2	ILMN_1769734;ILMN_2352121	All 146 GSE72810 samples	146	8.99342163212671	0.860375028620012
4938	OAS1	4	ILMN_1658247;ILMN_1672606;ILMN_1675640;ILMN_2410826	All 146 GSE72810 samples	146	7.68928122780993	0.991519288468751
4939	OAS2	4	ILMN_1674063;ILMN_1709333;ILMN_1736729;ILMN_2248970	All 146 GSE72810 samples	146	7.71847986622603	0.775600718162097
4940	OAS3	2	ILMN_1745397;ILMN_2184262	All 146 GSE72810 samples	146	7.34392193914384	0.950579853749421
8638	OASL	2	ILMN_1674811;ILMN_1681721	All 146 GSE72810 samples	146	7.83759344536986	1.22064109323489
54726	OTUD4	3	ILMN_1708203;ILMN_2287604;ILMN_2394975	All 146 GSE72810 samples	146	6.09543064423973	0.0931218810358514
5027	P2RX7	1	ILMN_1759326	All 146 GSE72810 samples	146	7.70446394134247	0.407376906219018
24145	PANX1	1	ILMN_1697817	All 146 GSE72810 samples	146	6.05163690190411	0.141959282140175
54625	PARP14	1	ILMN_1691731	All 146 GSE72810 samples	146	8.31023792342466	0.830760326565181
83666	PARP9	2	ILMN_1731224;ILMN_2053527	All 146 GSE72810 samples	146	8.41089365965069	0.757229153761512
23598	PATZ1	3	ILMN_1660611;ILMN_1759297;ILMN_2401844	All 146 GSE72810 samples	146	5.94507177407991	0.091078938446826
5295	PIK3R1	5	ILMN_1689057;ILMN_1691433;ILMN_1760303;ILMN_2289433;ILMN_2398235	All 146 GSE72810 samples	146	6.40332529179452	0.102005796324248
11040	PIM2	1	ILMN_1748283	All 146 GSE72810 samples	146	9.98542384573288	0.510610404921831
122618	PLD4	1	ILMN_1695490	All 146 GSE72810 samples	146	6.03504639183562	0.127177630038466
403313	PLPP6	1	ILMN_1802628	All 146 GSE72810 samples	146	6.40248508043836	0.175641769678465
5359	PLSCR1	1	ILMN_1745242	All 146 GSE72810 samples	146	7.17017219406849	0.751508962004742
5366	PMAIP1	2	ILMN_1689525;ILMN_2098446	All 146 GSE72810 samples	146	6.11345472741438	0.127040116422878
5371	PML	7	ILMN_1728019;ILMN_1731299;ILMN_1750861;ILMN_1808599;ILMN_1811588;ILMN_2248192;ILMN_2398378	All 146 GSE72810 samples	146	6.29661796453718	0.186339851345376
639	PRDM1	4	ILMN_1655077;ILMN_2294784;ILMN_2298159;ILMN_2414165	All 146 GSE72810 samples	146	6.4279961473476	0.207876831389943
5551	PRF1	1	ILMN_1740633	All 146 GSE72810 samples	146	8.57183699819863	1.01167525653473
8575	PRKRA	1	ILMN_1758474	All 146 GSE72810 samples	146	7.17161627796575	0.321822912721082
5734	PTGER4	1	ILMN_1795930	All 146 GSE72810 samples	146	7.4430032075274	0.452386141639739
5781	PTPN11	1	ILMN_1778236	All 146 GSE72810 samples	146	7.46864946128767	0.400967259548426
5996	RGS1	1	ILMN_1656011	All 146 GSE72810 samples	146	6.09241056047945	0.34646724391692
23586	RIGI	1	ILMN_1797001	All 146 GSE72810 samples	146	7.38092479879452	0.855639854366161
8767	RIPK2	1	ILMN_1758939	All 146 GSE72810 samples	146	7.42001972656849	0.423804413743301
6138	RPL15	1	ILMN_1762747	All 146 GSE72810 samples	146	10.1089102200685	0.782870918525975
6139	RPL17	3	ILMN_1655422;ILMN_1658283;ILMN_2383097	All 146 GSE72810 samples	146	9.88893933958676	1.07756137224103
9349	RPL23	1	ILMN_1755115	All 146 GSE72810 samples	146	8.35240534413699	1.16895182971494
6154	RPL26	1	ILMN_1731546	All 146 GSE72810 samples	146	8.16775834604795	1.34701245957019
51121	RPL26L1	2	ILMN_1776586;ILMN_2110532	All 146 GSE72810 samples	146	6.77800360979452	0.474301620973542
6155	RPL27	1	ILMN_1656807	All 146 GSE72810 samples	146	12.0024443727877	0.853966236069523
6159	RPL29	2	ILMN_1737517;ILMN_1771051	All 146 GSE72810 samples	146	6.38343677187329	0.231673983526613
6160	RPL31	1	ILMN_1754195	All 146 GSE72810 samples	146	8.75743474289041	1.34146952758795
6164	RPL34	2	ILMN_1706873;ILMN_1774823	All 146 GSE72810 samples	146	6.66504889841781	0.479742323350795
6133	RPL9	3	ILMN_1729033;ILMN_1750507;ILMN_2408415	All 146 GSE72810 samples	146	8.77390547959361	0.922673527648501
6175	RPLP0	3	ILMN_1709880;ILMN_1745075;ILMN_2402090	All 146 GSE72810 samples	146	8.74579800552283	0.438808960037744
6210	RPS15A	3	ILMN_1787949;ILMN_2255310;ILMN_2337241	All 146 GSE72810 samples	146	10.6421217954361	0.920967539980025
6229	RPS24	2	ILMN_1656625;ILMN_2399893	All 146 GSE72810 samples	146	7.91179193077397	0.751098525723874
6232	RPS27	3	ILMN_1660498;ILMN_1696839;ILMN_2160819	All 146 GSE72810 samples	146	11.8940525681758	0.813745091087294
6189	RPS3A	3	ILMN_1657722;ILMN_1673638;ILMN_2139943	All 146 GSE72810 samples	146	10.281951046274	1.2076114694203
6192	RPS4Y1	1	ILMN_1783142	All 146 GSE72810 samples	146	8.34442780395206	2.18307522188459
6201	RPS7	2	ILMN_1750722;ILMN_2070072	All 146 GSE72810 samples	146	6.2347453437774	0.253229016755191
6203	RPS9	2	ILMN_1749447;ILMN_2038772	All 146 GSE72810 samples	146	11.8575924822808	0.552671365007123
91543	RSAD2	1	ILMN_1657871	All 146 GSE72810 samples	146	8.44276418379452	1.77518545628902
64108	RTP4	1	ILMN_2173975	All 146 GSE72810 samples	146	6.91542013684247	0.70512748603697
54809	SAMD9	1	ILMN_1814305	All 146 GSE72810 samples	146	8.79236089587671	0.886998801107059
256987	SERINC5	1	ILMN_1789464	All 146 GSE72810 samples	146	6.22602235386301	0.204761854327647
5272	SERPINB9	2	ILMN_1742052;ILMN_2184250	All 146 GSE72810 samples	146	6.16939685065754	0.118996433031303
710	SERPING1	2	ILMN_1670305;ILMN_1711272	All 146 GSE72810 samples	146	6.80663369548973	0.683042561075793
117157	SH2D1B	1	ILMN_1701237	All 146 GSE72810 samples	146	6.31901511870548	0.31906033739132
23411	SIRT1	1	ILMN_1739083	All 146 GSE72810 samples	146	6.78101413034247	0.307452507776255
9016	SLC25A14	2	ILMN_1743770;ILMN_2347044	All 146 GSE72810 samples	146	6.27668252996918	0.126167779256386
91607	SLFN11	2	ILMN_1752520;ILMN_2162860	All 146 GSE72810 samples	146	7.2245041052089	0.287238675583248
146857	SLFN13	1	ILMN_2215862	All 146 GSE72810 samples	146	6.30506902667808	0.210234466457915
4088	SMAD3	1	ILMN_1682738	All 146 GSE72810 samples	146	7.37934114681507	0.350553503159309
27293	SMPDL3B	3	ILMN_1678095;ILMN_1719660;ILMN_1789913	All 146 GSE72810 samples	146	5.90779832228082	0.0832264031030672
8651	SOCS1	1	ILMN_1774733	All 146 GSE72810 samples	146	7.28549841081507	0.843296296937297
10417	SPON2	1	ILMN_1676099	All 146 GSE72810 samples	146	6.06458568667123	0.229420437180317
6714	SRC	3	ILMN_1685898;ILMN_1729987;ILMN_1778253	All 146 GSE72810 samples	146	6.36837252627626	0.193611788836994
6772	STAT1	3	ILMN_1690105;ILMN_1691364;ILMN_1777325	All 146 GSE72810 samples	146	10.132971205411	0.990557888255953
6773	STAT2	1	ILMN_1690921	All 146 GSE72810 samples	146	10.8708450278014	0.925051290687696
10010	TANK	4	ILMN_1715069;ILMN_1793849;ILMN_2292387;ILMN_2372773	All 146 GSE72810 samples	146	6.65263472838699	0.173195970905748
6938	TCF12	3	ILMN_1669832;ILMN_1772614;ILMN_2314007	All 146 GSE72810 samples	146	6.48489457096119	0.183750274948076
6932	TCF7	6	ILMN_1676470;ILMN_1677846;ILMN_1683986;ILMN_1707005;ILMN_1710746;ILMN_2367141	All 146 GSE72810 samples	146	6.27303531184132	0.216464781023976
7049	TGFBR3	1	ILMN_1784287	All 146 GSE72810 samples	146	7.41835219191781	0.823649912121787
353376	TICAM2	1	ILMN_1651346	All 146 GSE72810 samples	146	7.44204305714384	0.371312623775229
7098	TLR3	2	ILMN_1689578;ILMN_2155708	All 146 GSE72810 samples	146	5.88778045106849	0.0773117636668996
51284	TLR7	1	ILMN_1677827	All 146 GSE72810 samples	146	7.23247165105479	0.682627740598391
84233	TMEM126A	1	ILMN_2217809	All 146 GSE72810 samples	146	7.41665784206164	0.559194995691785
25880	TMEM186	1	ILMN_2230998	All 146 GSE72810 samples	146	6.16039197630822	0.0926989172146125
7293	TNFRSF4	2	ILMN_1710204;ILMN_2112256	All 146 GSE72810 samples	146	6.3160959190137	0.192601955260304
8743	TNFSF10	1	ILMN_1801307	All 146 GSE72810 samples	146	10.0135891043904	0.872444114465873
9966	TNFSF15	2	ILMN_1759501;ILMN_2106380	All 146 GSE72810 samples	146	6.6919762632774	0.199922121924289
7292	TNFSF4	2	ILMN_1746175;ILMN_2089875	All 146 GSE72810 samples	146	6.30825677601027	0.191517016074158
944	TNFSF8	1	ILMN_1761778	All 146 GSE72810 samples	146	6.25674063984932	0.182922627905632
8744	TNFSF9	1	ILMN_1751464	All 146 GSE72810 samples	146	6.08478387671233	0.105039007505776
9868	TOMM70	1	ILMN_1746426	All 146 GSE72810 samples	146	7.81611611572603	0.39137721891134
9618	TRAF4	2	ILMN_1745976;ILMN_1763104	All 146 GSE72810 samples	146	5.97978656871233	0.0934409149066031
11277	TREX1	2	ILMN_1676997;ILMN_1770955	All 146 GSE72810 samples	146	5.94364777778767	0.0877765631617741
9830	TRIM14	4	ILMN_1677542;ILMN_1713542;ILMN_1772689;ILMN_2383290	All 146 GSE72810 samples	146	6.11268290773973	0.180598356777996
10346	TRIM22	1	ILMN_1779252	All 146 GSE72810 samples	146	9.3109811214589	0.980560278668019
22954	TRIM32	1	ILMN_1654737	All 146 GSE72810 samples	146	6.33115546476712	0.171808340628771
23087	TRIM35	2	ILMN_1671765;ILMN_1740389	All 146 GSE72810 samples	146	6.08811455434247	0.0611110361871637
10475	TRIM38	1	ILMN_1697971	All 146 GSE72810 samples	146	8.48044124163699	0.616285570944297
85363	TRIM5	3	ILMN_1704972;ILMN_1737599;ILMN_2404665	All 146 GSE72810 samples	146	6.67447404927626	0.361164683414
84851	TRIM52	1	ILMN_1754130	All 146 GSE72810 samples	146	7.14255693812329	0.324804815259499
117854	TRIM6	2	ILMN_1654786;ILMN_1656910	All 146 GSE72810 samples	146	5.99236981311986	0.177048749725612
7311	UBA52	2	ILMN_1782977;ILMN_2368576	All 146 GSE72810 samples	146	10.402269878911	0.277435417349106
9246	UBE2L6	3	ILMN_1703108;ILMN_1769520;ILMN_2252495	All 146 GSE72810 samples	146	8.57243663143607	0.566150962305977
8725	URI1	2	ILMN_1798728;ILMN_2406892	All 146 GSE72810 samples	146	7.82634150514384	0.41586596725426
29802	VPREB3	1	ILMN_1700147	All 146 GSE72810 samples	146	9.0277312905274	0.927215418205677
9213	XPR1	2	ILMN_1798030;ILMN_2104106	All 146 GSE72810 samples	146	7.06676831662329	0.225827281608268
81030	ZBP1	1	ILMN_1765994	All 146 GSE72810 samples	146	9.33064382708904	1.28813649507282
22890	ZBTB1	1	ILMN_1750246	All 146 GSE72810 samples	146	5.92624272122603	0.111412618661329
57621	ZBTB2	1	ILMN_1766247	All 146 GSE72810 samples	146	6.0679943119589	0.105013173263238
26137	ZBTB20	1	ILMN_1689456	All 146 GSE72810 samples	146	7.70597466889726	0.415977297676188
7597	ZBTB25	2	ILMN_1658728;ILMN_2048982	All 146 GSE72810 samples	146	6.30638867072945	0.151266529874179
57684	ZBTB26	1	ILMN_1718668	All 146 GSE72810 samples	146	5.9505793190137	0.12369952400063
10009	ZBTB33	1	ILMN_1673138	All 146 GSE72810 samples	146	8.22820044604795	0.451104797555393
84614	ZBTB37	1	ILMN_1785960	All 146 GSE72810 samples	146	5.84589285654795	0.138556463875078
9880	ZBTB39	1	ILMN_1681154	All 146 GSE72810 samples	146	6.14734487126027	0.089210747387965
166793	ZBTB49	1	ILMN_2103388	All 146 GSE72810 samples	146	6.73336617515753	0.241445518665339
10773	ZBTB6	1	ILMN_1727218	All 146 GSE72810 samples	146	6.13116877269178	0.104460140415228
56829	ZC3HAV1	3	ILMN_1667068;ILMN_1724837;ILMN_1729973	All 146 GSE72810 samples	146	8.02325817752968	0.452784597263001
85364	ZCCHC3	1	ILMN_1786852	All 146 GSE72810 samples	146	6.50521200772603	0.2022079428292
10771	ZMYND11	3	ILMN_1734783;ILMN_1753110;ILMN_1754234	All 146 GSE72810 samples	146	6.71970472914384	0.22813183695582
7690	ZNF131	1	ILMN_2178088	All 146 GSE72810 samples	146	5.96018510706849	0.15594783293988
7693	ZNF134	1	ILMN_1768809	All 146 GSE72810 samples	146	6.44234209041781	0.18238375192926
137209	ZNF572	1	ILMN_1802974	All 146 GSE72810 samples	146	5.95048093715069	0.122372161729663
