scoring_population	base_sample_id	projection_role	BACT_M1	BACT_M2	VIR_M1a	VIR_M1b	VIR_M2
main_all_projected_reference	Control_01	secondary_control_context	0.447520580704648	0.148135463888415	-0.213291015896879	-0.399406855880777	-0.0505890998547614
main_all_projected_reference	Control_02	secondary_control_context	-0.657297196028222	-0.693566852937163	0.516090373112584	0.555073047329769	-0.0416191216553215
main_all_projected_reference	Control_03	secondary_control_context	0.716135224608028	0.404667231704284	-0.287844630477317	-0.332036928107831	-0.106960154282705
main_all_projected_reference	Control_04	secondary_control_context	0.128081304898199	-0.0714410814952651	-0.204599356727383	-0.421845048338022	0.109279620360416
main_all_projected_reference	Control_05	secondary_control_context	0.551224133870042	0.38234944037327	-0.428174414927262	-0.499728987594249	0.148379242395749
main_all_projected_reference	Control_06	secondary_control_context	0.230303952959972	-0.371885538871713	-0.188357898265019	-0.295848685826577	0.261908153812017
main_all_projected_reference	Control_07	secondary_control_context	0.0213714387095815	-0.118262645169524	-0.3243265993266	-0.44333568136876	0.225601315292513
main_all_projected_reference	Control_08	secondary_control_context	-0.246166238936434	-0.387555859603437	0.0474633281692699	-0.404595879556256	0.193236925661124
main_all_projected_reference	Control_09	secondary_control_context	-0.0316317991631797	0.0659729115079078	-0.105804126273925	-0.0712273828428365	0.105366675792941
main_all_projected_reference	Control_10	secondary_control_context	0.600610448030447	0.103305785123967	-0.343120751052121	-0.523599706550461	0.187090947378272
main_all_projected_reference	Control_11	secondary_control_context	0.360407781619556	0.0413223140495871	-0.476372010296452	-0.490298040348591	0.369595277211475
main_all_projected_reference	Control_12	secondary_control_context	-0.327203534463775	-0.509944759349803	-0.0785160657346088	-0.355244203774773	0.294315584683074
main_all_projected_reference	Control_13	secondary_control_context	-0.266365176919462	0.0332075126897158	-0.0932608050904585	-0.422763108241796	0.115031614883503
main_all_projected_reference	Control_14	secondary_control_context	-0.272985558105009	-0.347613269125141	-0.179527547544914	-0.413624432752766	0.387861193339068
main_all_projected_reference	Control_15	secondary_control_context	-0.234304788183948	-0.408962716542535	-0.130846915083069	-0.420486163276341	0.30846797200921
main_all_projected_reference	Control_16	secondary_control_context	-0.257236665575676	-0.600283148201798	0.036382162550947	-0.398537858527931	0.187909255530539
main_all_projected_reference	Control_17	secondary_control_context	0.707813817066706	0.482331248997916	-0.412106755458557	-0.27108782221679	-0.210949324172895
main_all_projected_reference	Control_18	secondary_control_context	0.302775573510316	0.286162216038873	-0.217237554390654	-0.518719172712201	-0.014358765134694
main_all_projected_reference	Control_19	secondary_control_context	0.71877969909036	0.240551194716278	-0.416967088153529	-0.439872746553549	-0.0610276144869706
main_all_projected_reference	Control_20	secondary_control_context	0.693734688042518	0.131655055723639	-0.353059425985472	-0.385824264934076	-0.135942274713188
main_all_projected_reference	Control_21	secondary_control_context	0.826779089661715	0.373659458779977	-0.433950936954564	-0.376746203008681	-0.160111250549836
main_all_projected_reference	Control_22	secondary_control_context	-0.614629401490075	-0.493232250927307	0.105759948778566	-0.300590514035808	0.328683323160125
main_all_projected_reference	Control_23	secondary_control_context	0.748981569951744	0.415484195834283	-0.335666767245715	-0.324948067919925	-0.233214317513134
main_all_projected_reference	Control_24	secondary_control_context	-0.279492985478713	-0.412749106997496	-0.30932158627538	-0.539654269250912	0.296863303123998
main_all_projected_reference	Control_25	secondary_control_context	-0.0982755053011464	-0.235131200930673	-0.250018673370863	-0.196036068208195	0.258399958174134
main_all_projected_reference	Control_26	secondary_control_context	-0.386055308919395	-0.605661845027979	0.277002545228841	0.455046319293752	-0.0295121966963388
main_all_projected_reference	Control_27	secondary_control_context	-0.366739414914685	-0.409402355872436	-0.1194646397885	-0.318019357383414	0.215045229771311
main_all_projected_reference	Control_28	secondary_control_context	-0.610015655180568	-0.425105475246053	-0.0984946300244808	-0.396615590305536	0.376622137329639
main_all_projected_reference	Control_29	secondary_control_context	-0.519089532484102	-0.529483761902283	0.185337970238441	-0.358542831946067	0.293914632335729
main_all_projected_reference	Control_30	secondary_control_context	0.681118972074246	0.365680611948342	-0.424627697610071	-0.5171817238	-0.00699451673710942
main_all_projected_reference	Control_31	secondary_control_context	-0.0579796772265389	-0.322823795601713	0.0336515666872807	-0.321341123306579	0.122621971327216
main_all_projected_reference	Control_32	secondary_control_context	-0.67517259647401	-0.493776867130519	0.0795306757138819	-0.285614651769397	0.37798146802485
main_all_projected_reference	Control_33	secondary_control_context	-0.0735436112005151	-0.357656657114062	-0.111502445842068	0.110747101213314	0.257437135404392
main_all_projected_reference	Control_34	secondary_control_context	-0.0962756473852974	-0.277409472492074	-0.010907075311668	-0.275959987092607	0.178175993161844
main_all_projected_reference	Control_35	secondary_control_context	-0.225401102927521	-0.147965486530744	-0.220187390041324	-0.426352863263726	0.237160785709648
main_all_projected_reference	Control_36	secondary_control_context	-0.652201305856249	-0.436882869629177	0.0120535415291294	-0.407259799578907	0.403685130095683
main_all_projected_reference	Control_37	secondary_control_context	-0.578398395567717	-0.471511737595341	0.149841687590122	-0.346795699474576	0.323462586471365
main_all_projected_reference	Control_38	secondary_control_context	0.081236123028475	-0.0521607959560291	-0.132658389048074	-0.541773561250358	0.147636438240174
main_all_projected_reference	Control_39	secondary_control_context	0.384888939181506	-0.107030352444131	-0.288893055034788	-0.226959714757064	0.150566093767401
main_all_projected_reference	Control_40	secondary_control_context	-0.692936888134265	-0.6631136159438	0.555179502607299	0.588602543852358	-0.121953523521633
main_all_projected_reference	Control_41	secondary_control_context	-0.516693730307743	-0.271041264300855	0.035902337747766	-0.39582954177398	0.272433079421227
main_all_projected_reference	Control_42	secondary_control_context	-0.370826183536271	-0.430049294586158	-0.168642935546516	-0.485575335795632	0.387048462765754
main_all_projected_reference	Control_43	secondary_control_context	-0.147995767559526	-0.329032140922556	-0.136920791759501	-0.374967061923582	0.244164216672753
main_all_projected_reference	Control_44	secondary_control_context	0.270070729352288	-0.0860520130411702	-0.245762931493283	-0.38121618647111	0.255992013779476
main_all_projected_reference	Control_45	secondary_control_context	0.693695772114769	-0.10228638001966	-0.335118035037455	-0.422501821714837	0.0878501116480107
main_all_projected_reference	Control_46	secondary_control_context	0.265900374033219	-0.343101052624319	-0.209246995339711	-0.47824180395351	0.210151326897401
main_all_projected_reference	Control_47	secondary_control_context	0.000272387745359426	-0.284623443138165	-0.296744383868848	-0.637288665433605	0.297593557280964
main_all_projected_reference	Control_48	secondary_control_context	0.147751786836085	-0.489932055717892	0.269590199238921	0.444769113419002	-0.276563791303034
main_all_projected_reference	Control_49	secondary_control_context	-0.33805412848896	-0.39283020133103	0.059271781925285	-0.509139830870413	0.299501894889974
main_all_projected_reference	Control_50	secondary_control_context	-0.116480300621829	-0.0325313381257426	-0.351050165209458	-0.526114738158075	0.336849507735585
main_all_projected_reference	Control_51	secondary_control_context	0.0410970146241704	-0.538769763611018	0.00675647629290038	-0.392812971073837	0.219611696397643
main_all_projected_reference	Control_52	secondary_control_context	0.290299493503632	0.128889491035542	-0.388731995297422	-0.464035004198079	0.253096289604729
main_all_projected_reference	Control_53	secondary_control_context	-0.646125088300816	-0.684907872504277	0.552112942960014	0.499485991819193	-0.0291132835060845
main_all_projected_reference	Control_54	secondary_control_context	-0.131276984778416	-0.519169798755189	0.161215820020343	0.0649216478270787	0.00807465503274232
main_all_projected_reference	Control_55	secondary_control_context	0.580777986662081	0.365645422079071	-0.378381642512078	-0.506401471012706	-0.0977822626097582
main_all_projected_reference	DefiniteBacterial_01	primary_bacterial	0.732878122999565	0.537511776285052	-0.402482702482704	-0.426026711649502	-0.108285513723116
main_all_projected_reference	DefiniteBacterial_02	primary_bacterial	0.168188882247459	-0.220765669361575	0.193963101994042	0.433696842706796	-0.070933119659672
main_all_projected_reference	DefiniteBacterial_03	primary_bacterial	0.30337879615567	0.381890349475044	0.0782281272190454	0.391929305826222	-0.155901056552077
main_all_projected_reference	DefiniteBacterial_04	primary_bacterial	-0.343096234309626	-0.161530480000968	0.214230734401883	0.450811063613318	-0.192510508399497
main_all_projected_reference	DefiniteBacterial_05	primary_bacterial	-0.464468403865462	-0.248909628989655	0.279910424723104	0.428032200836224	-0.0580817506105171
main_all_projected_reference	DefiniteBacterial_06	primary_bacterial	-0.536792989188853	-0.233404617466064	0.409111516851454	0.417503774330501	-0.19787156343872
main_all_projected_reference	DefiniteBacterial_07	primary_bacterial	0.10421276230988	0.394431119120118	-0.36211460383313	-0.539009287925691	0.202850721584843
main_all_projected_reference	DefiniteBacterial_08	primary_bacterial	0.438826591134047	0.604088988460115	-0.298990306946689	0.0273874469609297	-0.131996830088458
main_all_projected_reference	DefiniteBacterial_09	primary_bacterial	0.0737923164701408	0.538383301157301	0.202942123276066	0.361091762176911	-0.363462602180953
main_all_projected_reference	DefiniteBacterial_10	primary_bacterial	0.74335518285154	0.340873752556143	-0.234894821640994	-0.231795243298994	-0.273326368755153
main_all_projected_reference	DefiniteBacterial_11	primary_bacterial	0.378669506579224	0.472641617761613	-0.322940379403795	-0.444278400593824	-0.0233248945147687
main_all_projected_reference	DefiniteBacterial_12	primary_bacterial	0.462353646919802	0.636227136227137	-0.22914653784219	-0.236598966073493	-0.182370967519291
main_all_projected_reference	DefiniteBacterial_13	primary_bacterial	0.40370659291303	0.68813019872155	-0.21351235241792	0.00348733127260112	-0.210612636273898
main_all_projected_reference	DefiniteBacterial_14	primary_bacterial	-0.105937699324624	0.438248492977143	-0.328428233859289	-0.472553816509077	0.146059253075447
main_all_projected_reference	DefiniteBacterial_15	primary_bacterial	0.691176696597011	0.383684157216118	-0.276605827729747	-0.461830494148896	-0.193927459436756
main_all_projected_reference	DefiniteBacterial_16	primary_bacterial	0.0296769184316098	0.462441209003679	-0.153420663868952	-0.462344821353933	-0.00927958810740206
main_all_projected_reference	DefiniteBacterial_17	primary_bacterial	0.72625292610547	0.680492213330305	-0.245236840481041	-0.172028434451976	-0.33878933564278
main_all_projected_reference	DefiniteBacterial_18	primary_bacterial	0.173731019309721	-0.0351542790986925	0.207374689176809	0.227101875436406	-0.0759011748549656
main_all_projected_reference	DefiniteBacterial_19	primary_bacterial	0.720593104645008	0.569224044100609	-0.37248259393521	-0.226516899458631	-0.29336830939963
main_all_projected_reference	DefiniteBacterial_20	primary_bacterial	0.495256018396469	0.40823806099514	-0.108838630749101	0.3460288058914	-0.104900104526336
main_all_projected_reference	DefiniteBacterial_21	primary_bacterial	-0.027719109466917	-0.0959817173646898	-0.330327151676454	-0.301302635018795	0.30270312724988
main_all_projected_reference	DefiniteBacterial_22	primary_bacterial	-0.505452761710665	0.105127966431869	-0.0828693253072485	-0.240703052728954	0.101958931664204
main_all_projected_reference	DefiniteBacterial_23	primary_bacterial	0.60339963352765	0.235926512721382	-0.12561425724691	-0.113014662691596	-0.125914521942872
main_all_projected_reference	DefiniteBacterial_24	primary_bacterial	0.607689988310954	0.622617901339642	-0.475603308265368	-0.216713922342665	-0.0676988695647752
main_all_projected_reference	DefiniteBacterial_25	primary_bacterial	0.691315164536922	0.440320077419822	-0.276676204315413	-0.253719104935021	-0.179689730655753
main_all_projected_reference	DefiniteBacterial_26	primary_bacterial	0.302777315055249	0.339037433155084	-0.0453239519202578	0.212985155458042	-0.201737199528867
main_all_projected_reference	DefiniteBacterial_27	primary_bacterial	0.693906428299735	0.707022943297994	-0.28364779874214	-0.0844661705985077	-0.364863666317936
main_all_projected_reference	DefiniteBacterial_28	primary_bacterial	0.316805722208061	0.392576463475999	-0.0954634594379907	-0.512663210940152	-0.237629836552859
main_all_projected_reference	DefiniteBacterial_29	primary_bacterial	-0.239042579374848	0.333692769910055	-0.318068836851308	-0.362818968349578	0.224438721845418
main_all_projected_reference	DefiniteBacterial_30	primary_bacterial	0.321761512723146	0.670357842977711	-0.234138964147996	0.0348914403874405	-0.0688009857425627
main_all_projected_reference	DefiniteBacterial_31	primary_bacterial	0.620925810106922	0.49156975875161	-0.302420859171262	-0.228417565268555	-0.182920904161684
main_all_projected_reference	DefiniteBacterial_32	primary_bacterial	0.436174536760311	0.400161264627711	-0.076448755289844	0.176632747456059	-0.131564953163453
main_all_projected_reference	DefiniteBacterial_33	primary_bacterial	0.221825739515422	0.536765362297278	-0.304816915213891	-0.243062637485174	-0.0480731364275675
main_all_projected_reference	DefiniteBacterial_34	primary_bacterial	0.636091560343554	0.431401160379957	-0.416137058363547	-0.211316646337161	0.0133739800982861
main_all_projected_reference	DefiniteBacterial_35	primary_bacterial	0.145807182705718	0.539435068213543	-0.246379485419259	-0.0206561689469093	0.0394297421045479
main_all_projected_reference	DefiniteBacterial_36	primary_bacterial	-0.206094286049896	0.445485556572032	0.0709838049573644	0.277316581426343	-0.0966840797166684
main_all_projected_reference	DefiniteBacterial_37	primary_bacterial	0.537892627732926	0.449296881586214	-0.435916179337233	-0.0360997410857218	0.00786656370426109
main_all_projected_reference	DefiniteBacterial_38	primary_bacterial	0.39527952982646	0.400391474554154	-0.433384132745457	-0.576749821810401	0.200321493275174
main_all_projected_reference	DefiniteBacterial_39	primary_bacterial	0.632551846461707	0.585815663719347	-0.501226009371592	-0.497310280259343	0.066222047861906
main_all_projected_reference	DefiniteBacterial_40	primary_bacterial	-0.525591564356612	-0.0422704233009444	-0.0200814032648212	-0.181842230210948	0.270894293874762
main_all_projected_reference	DefiniteBacterial_41	primary_bacterial	0.274905781758133	-0.336735057494893	-0.0711251259142469	0.0967192181751516	0.0261651874484689
main_all_projected_reference	DefiniteBacterial_42	primary_bacterial	-0.231554138245355	-0.288040400086587	0.140774895145976	-0.0453970550925104	0.13649161856113
main_all_projected_reference	DefiniteBacterial_43	primary_bacterial	-0.227656345057922	0.0812562212959817	0.100021273427361	-0.0652647734412827	0.0442728600750032
main_all_projected_reference	DefiniteBacterial_44	primary_bacterial	0.43344308843039	0.59700633744521	-0.27107881058046	-0.198143545676826	-0.0329223485485705
main_all_projected_reference	DefiniteBacterial_45	primary_bacterial	0.182111951855676	0.484872040393049	-0.154231129864042	0.0640171103875372	-0.00572741515201625
main_all_projected_reference	DefiniteBacterial_46	primary_bacterial	0.52289208311786	0.536042755810164	-0.206398618270042	-0.343119837930494	-0.0971209471757101
main_all_projected_reference	DefiniteBacterial_47	primary_bacterial	0.222938055785595	0.0668403050177307	-0.124435438477992	0.202692361651383	0.115291973534708
main_all_projected_reference	DefiniteBacterial_48	primary_bacterial	0.709770911772379	0.430711683835338	-0.233863749378419	-0.426031701318537	-0.193331981782773
main_all_projected_reference	DefiniteBacterial_49	primary_bacterial	0.509826976020983	0.515226876194041	-0.412780791146177	-0.0721463111429508	-0.0189051519175492
main_all_projected_reference	DefiniteBacterial_50	primary_bacterial	0.621093262349943	0.648404158890966	-0.444005525382818	-0.392429236645213	-0.0501852906337644
main_all_projected_reference	DefiniteBacterial_51	primary_bacterial	0.647549110676729	0.533297908253211	-0.370542635658916	-0.285507246376811	-0.117589733365105
main_all_projected_reference	DefiniteBacterial_52	primary_bacterial	0.454150977316215	0.335702479338845	-0.310795298511562	-0.361086909881252	-0.00597858117784508
main_all_projected_reference	DefiniteViral_01	primary_viral	-0.701905124743224	-0.608338414831917	0.462875869908326	0.518585052117987	0.0528103662039329
main_all_projected_reference	DefiniteViral_02	primary_viral	-0.749023157738827	-0.454940353249673	0.414193469785575	0.455354768821705	0.082844310107445
main_all_projected_reference	DefiniteViral_03	primary_viral	-0.542268131101813	-0.342079811811097	0.29166102640463	0.570412323316165	-0.00897314253442741
main_all_projected_reference	DefiniteViral_04	primary_viral	0.80275187701966	0.653658407763536	-0.434578449177263	-0.401617795753283	-0.147452109861342
main_all_projected_reference	DefiniteViral_05	primary_viral	-0.527015099630751	-0.303370786516853	0.360566448801742	0.317070371611673	-0.0821296011827778
main_all_projected_reference	DefiniteViral_06	primary_viral	-0.724408525309165	-0.451559399934339	0.367259219952241	0.0739130434782604	0.14298954798271
main_all_projected_reference	DefiniteViral_07	primary_viral	-0.79419303824151	-0.514438182973097	0.477759040659546	0.495320016968888	0.123755414646071
main_all_projected_reference	DefiniteViral_08	primary_viral	-0.631920702406698	-0.372602463820274	0.440352918363389	0.608395295500367	-0.105087476438155
main_all_projected_reference	DefiniteViral_09	primary_viral	-0.653933454673026	-0.474084038167492	0.449989804823541	0.558014577540764	-0.02705952026671
main_all_projected_reference	DefiniteViral_10	primary_viral	-0.558709299029882	-0.168978207939245	0.32926896144436	0.410307229514271	-0.104221695823026
main_all_projected_reference	DefiniteViral_11	primary_viral	-0.481261782532285	0.219229789742857	0.322963779356137	0.377564256545762	-0.142305520983841
main_all_projected_reference	DefiniteViral_12	primary_viral	-0.220481518887233	0.0283883018192068	0.052632559612814	-0.00434782608695684	0.078897364964931
main_all_projected_reference	DefiniteViral_13	primary_viral	-0.801220347715016	-0.403044106238133	0.426740416565361	0.292876833964875	0.032731982834979
main_all_projected_reference	DefiniteViral_14	primary_viral	-0.36159301969589	0.108976589293702	0.13303787085752	0.102683603835104	0.021888600271139
main_all_projected_reference	DefiniteViral_15	primary_viral	-0.550920721442006	-0.278555776781641	0.309247906562766	0.314370153052972	-0.0949259938984724
main_all_projected_reference	DefiniteViral_16	primary_viral	0.546835538467338	0.404079641678504	-0.172838296849562	-0.281671790367441	-0.194303279961084
main_all_projected_reference	DefiniteViral_17	primary_viral	-0.629238806632823	-0.330520653083631	0.339971121586614	0.292495745010058	0.110493307513653
main_all_projected_reference	DefiniteViral_18	primary_viral	-0.57866135728661	-0.432281462475091	0.446979006656425	0.57307709876938	-0.138921523404682
main_all_projected_reference	DefiniteViral_19	primary_viral	0.0215499248965478	-0.0605887346882193	0.0443739972639222	0.203188486559172	0.00920760809275412
main_all_projected_reference	DefiniteViral_20	primary_viral	0.437372232093387	0.319611818651774	-0.115383615492535	0.0112248431375263	-0.248161051790861
main_all_projected_reference	DefiniteViral_21	primary_viral	-0.673872975002678	-0.345270146581473	0.525640317928902	0.562811782246044	-0.0807125460278464
main_all_projected_reference	DefiniteViral_22	primary_viral	-0.478956606223237	-0.320888183913153	0.401370149041813	0.299466056445463	-0.0235049257186246
main_all_projected_reference	DefiniteViral_23	primary_viral	-0.487243660915629	-0.0283429232553488	0.0337543319973778	0.127375968831599	0.13791452991453
main_all_projected_reference	DefiniteViral_24	primary_viral	-0.404490280683404	-0.401097295428704	0.371666231813833	0.389719863100524	-0.0662570340671071
main_all_projected_reference	DefiniteViral_25	primary_viral	-0.215300198346631	-0.597309430038292	0.353184000369293	0.576704172044374	-0.138303306320184
main_all_projected_reference	DefiniteViral_26	primary_viral	0.48167895698005	0.538053557804954	-0.163942454851546	0.0297753136854389	-0.181521610455664
main_all_projected_reference	DefiniteViral_27	primary_viral	0.528848956056537	0.036837213607248	-0.0930942534969381	-0.383994081845384	-0.121983500352193
main_all_projected_reference	DefiniteViral_28	primary_viral	-0.635566950849925	0.187240625835977	0.223653418431486	-0.111150405658415	0.00828177448529394
main_all_projected_reference	DefiniteViral_29	primary_viral	0.656936075346118	0.120022738204557	-0.156052710666932	-0.191200034771019	-0.187516147791146
main_all_projected_reference	DefiniteViral_30	primary_viral	-0.643007907908322	-0.134615920943766	0.401708774684564	0.355367635600292	-0.0793757056881518
main_all_projected_reference	DefiniteViral_31	primary_viral	-0.578550665205753	-0.0369401765282753	0.232542755009714	0.186064154714485	-0.0062235782309282
main_all_projected_reference	DefiniteViral_32	primary_viral	-0.850235573311302	-0.598548382178032	0.521913505569444	0.555621464020986	0.0743082934183649
main_all_projected_reference	DefiniteViral_33	primary_viral	0.473698588664375	0.560343088820636	-0.117082525839793	0.237271129754549	-0.206391988644112
main_all_projected_reference	DefiniteViral_34	primary_viral	-0.284518828451885	-0.041712743341262	-0.0339744822722317	0.0924006264449249	0.0313377041030586
main_all_projected_reference	DefiniteViral_35	primary_viral	-0.897319937324578	-0.657413064910717	0.456324425691514	0.307754403930583	0.26860213151297
main_all_projected_reference	DefiniteViral_36	primary_viral	-0.369308702402572	-0.621263880890423	0.495482971001643	0.623851273263461	-0.221167903232443
main_all_projected_reference	DefiniteViral_37	primary_viral	-0.722149581589953	-0.529155081121309	0.525156228731236	0.574016299738175	-0.113709160189255
main_all_projected_reference	DefiniteViral_38	primary_viral	-0.6440447904083	-0.431962403546735	0.457215587199509	0.518977546076343	-0.0771949645076021
main_all_projected_reference	DefiniteViral_39	primary_viral	0.366898556569373	0.407711714989742	-0.0566713874940988	0.0434782608695649	-0.262062447476446
main_all_projected_reference	DefiniteViral_40	primary_viral	-0.769874476987442	-0.694066158193285	0.530321021924074	0.592754748183836	0.0823026533128136
main_all_projected_reference	DefiniteViral_41	primary_viral	-0.653395940541965	-0.559821431001119	0.533709787816563	0.594138685151709	-0.00750792416464199
main_all_projected_reference	DefiniteViral_42	primary_viral	-0.690858139271366	-0.628834559829744	0.510724429512773	0.547882284963472	-0.113503201401739
main_all_projected_reference	DefiniteViral_43	primary_viral	-0.522040937813253	-0.54194094050553	0.520392544711713	0.512589968637895	-0.165483148994986
main_all_projected_reference	DefiniteViral_44	primary_viral	-0.654733134777498	-0.560715527566352	0.537065527065525	0.639816577408903	-0.204483372469407
main_all_projected_reference	DefiniteViral_45	primary_viral	0.25004026775246	0.178553861288737	-0.15016835016835	0.0356934702066276	0.106157602117226
main_all_projected_reference	DefiniteViral_46	primary_viral	0.337815273921714	0.38823848970237	-0.018538601259411	0.119121438523735	-0.282598837082407
main_all_projected_reference	DefiniteViral_47	primary_viral	0.403915354932746	0.328950793691664	-0.31279009029177	-0.4743542241618	-0.00237112149242238
main_all_projected_reference	DefiniteViral_48	primary_viral	0.726166996710212	0.238813730056432	-0.296738979579141	-0.437842382222587	-0.113220359994276
main_all_projected_reference	DefiniteViral_49	primary_viral	-0.414038817074726	-0.636332875335803	0.321717699842699	0.40251597218296	0.127380703771636
main_all_projected_reference	DefiniteViral_50	primary_viral	0.703020684408653	0.556865779397027	-0.367417922218072	-0.329729419977284	-0.209920656580443
main_all_projected_reference	DefiniteViral_51	primary_viral	0.408899019546618	-0.196397783147755	0.249736565289089	0.25997997643059	-0.261589123598595
main_all_projected_reference	DefiniteViral_52	primary_viral	0.726390027175086	0.491167572705253	-0.141800758656537	0.137117629828011	-0.305633476915851
main_all_projected_reference	DefiniteViral_53	primary_viral	0.836506535281538	0.552885439720597	-0.348756127103087	-0.422365157258366	-0.221250506497534
main_all_projected_reference	DefiniteViral_54	primary_viral	-0.0413071207011513	-0.337756928005759	0.278124316042897	0.455536716321505	-0.122041263414038
main_all_projected_reference	DefiniteViral_55	primary_viral	0.786266542817743	0.50064437934493	-0.149572118042268	-0.302865464233937	-0.395695624010049
main_all_projected_reference	DefiniteViral_56	primary_viral	-0.36251929592044	-0.229476931414336	0.196203937792078	0.248125180903598	0.111144646495133
main_all_projected_reference	DefiniteViral_57	primary_viral	-0.22075399197336	-0.172543369143516	-0.0679534679893233	-0.0753187913747491	0.231709763485728
main_all_projected_reference	DefiniteViral_58	primary_viral	-0.32144309455395	0.0132146323918989	0.235893061722819	0.29826297113574	-0.0617859320255156
main_all_projected_reference	DefiniteViral_59	primary_viral	0.343096234309623	0.162443216025396	-0.23659177606818	-0.291455726998473	-0.0378834976166034
main_all_projected_reference	DefiniteViral_60	primary_viral	0.0631269383367237	0.152892561983472	0.00481404463613316	-0.0103751715002134	0.00694979910736884
main_all_projected_reference	DefiniteViral_61	primary_viral	0.468665259696438	-0.0228256591892947	-0.182758002948999	-0.301350256548743	0.148085505627292
main_all_projected_reference	DefiniteViral_62	primary_viral	-0.510132836684016	-0.249846683993808	0.147910847549883	0.253436991954646	0.109789983634726
main_all_projected_reference	DefiniteViral_63	primary_viral	-0.577791057050161	-0.289600432913923	0.421620170047253	0.407344987935547	-0.113036328257012
main_all_projected_reference	DefiniteViral_64	primary_viral	-0.652272131561316	-0.349586776859502	0.391881878159304	0.383784650581029	0.0173658027976494
main_all_projected_reference	DefiniteViral_65	primary_viral	-0.522595046603884	0.110478983382209	0.184969927973383	0.258582434124806	0.00733005263890882
main_all_projected_reference	DefiniteViral_66	primary_viral	0.571149443435699	0.355186182561055	-0.0353248198787659	0.1903116141155	-0.24991761681935
main_all_projected_reference	DefiniteViral_67	primary_viral	-0.383018197877448	0.0268499141160775	0.376849127650042	0.567917795808732	-0.181639617475497
main_all_projected_reference	DefiniteViral_68	primary_viral	0.545038816047017	0.217968858447798	0.137673167633026	0.395485800563554	-0.314327143438497
main_all_projected_reference	DefiniteViral_69	primary_viral	0.354777545886081	0.322134387351779	0.0362272514171253	0.223418591398209	-0.151133939526075
main_all_projected_reference	DefiniteViral_70	primary_viral	0.424261967505159	0.447423220640266	0.131946080355974	0.272889357983499	-0.293032698510284
main_all_projected_reference	DefiniteViral_71	primary_viral	0.422359763190333	0.529962793454283	-0.263326105734483	-0.433139687127211	-0.109232111226057
main_all_projected_reference	DefiniteViral_72	primary_viral	-0.0604973102211602	-0.265520019540149	0.395082517239609	0.506952087605809	-0.241973817305944
main_all_projected_reference	DefiniteViral_73	primary_viral	0.405793335643027	0.449434295027413	0.102479900514778	0.251957076151639	-0.298655493164667
main_all_projected_reference	DefiniteViral_74	primary_viral	-0.469233604728619	-0.356249810795262	0.0843236157419282	0.0557591653283105	0.317917685737499
main_all_projected_reference	DefiniteViral_75	primary_viral	-0.400991376998178	-0.357996707540176	0.358319668931053	0.437026957096724	-0.00330937751047694
main_all_projected_reference	DefiniteViral_76	primary_viral	-0.553483024050592	-0.62145167085878	0.346274571907725	0.576470995730977	-0.00906585753402891
main_all_projected_reference	DefiniteViral_77	primary_viral	-0.0851181530854594	-0.391239669421486	0.352505446623093	0.466164891771426	-0.110623662952275
main_all_projected_reference	DefiniteViral_78	primary_viral	-0.542316212993114	-0.515100337055738	0.451236961318032	0.603175038541205	-0.0772241629510907
main_all_projected_reference	DefiniteViral_79	primary_viral	0.00219733195674543	-0.463711959915707	0.334706850913941	0.563064220740457	-0.200985184595949
main_all_projected_reference	DefiniteViral_80	primary_viral	-0.616212519848396	-0.696114784514768	0.552871049967103	0.625559830019123	-0.068205581343079
main_all_projected_reference	DefiniteViral_81	primary_viral	0.54486027886276	-0.235822171558847	-0.197232227670973	-0.429578681299137	0.0500338783670537
main_all_projected_reference	DefiniteViral_82	primary_viral	-0.0404367513039486	-0.29240121664364	-0.20689762304838	-0.220847422125138	0.351015872774813
main_all_projected_reference	DefiniteViral_83	primary_viral	0.491337425978005	0.0211008143933701	-0.185588913227104	-0.370082074402497	0.0441870940681078
main_all_projected_reference	DefiniteViral_84	primary_viral	0.185312616465146	-0.435472821886219	-0.273217441224223	-0.36561971490698	0.325727204942945
main_all_projected_reference	DefiniteViral_85	primary_viral	0.117154811715481	0.0724877121969353	-0.233289170849364	-0.308941085288005	0.111887120787508
main_all_projected_reference	DefiniteViral_86	primary_viral	-0.0889000092588111	0.188265845157342	0.149272528342296	0.0347308899079402	-0.0304027193190808
main_all_projected_reference	DefiniteViral_87	primary_viral	-0.31374710363567	-0.491397025887562	0.50808976345791	0.574066304587298	-0.27389302394666
main_all_projected_reference	DefiniteViral_88	primary_viral	0.749581941268018	0.569634723361303	-0.330192653874144	-0.394319231981906	-0.270944425630814
main_all_projected_reference	DefiniteViral_89	primary_viral	-0.136502821642357	-0.147265662631257	0.0414525351745077	0.447579310413178	0.159429880236721
main_all_projected_reference	DefiniteViral_90	primary_viral	0.592201537710002	0.225563463624169	-0.338626293118667	-0.482030698092603	-0.00797768807723032
main_all_projected_reference	DefiniteViral_91	primary_viral	0.283321556891757	0.0568903558286451	0.262150902093704	0.479882856499213	-0.386948448820269
main_all_projected_reference	DefiniteViral_92	primary_viral	-0.403493973895217	-0.18935112622539	0.0727717602543748	0.00682871820573827	0.122509972778095
main_all_projected_reference	DefiniteViral_93	primary_viral	0.310463640942197	0.236237641420695	-0.170254126231557	-0.232834172572014	0.132240267025925
main_all_projected_reference	DefiniteViral_94	primary_viral	-0.417576397545119	-0.407261036873464	0.326870722624798	0.459470613984155	0.0159210657704276
primary_only_reference	DefiniteBacterial_01	primary_bacterial	0.755997893059755	0.470354772876381	-0.439889433932883	-0.481477810317636	-0.0377753060947895
primary_only_reference	DefiniteBacterial_02	primary_bacterial	0.196770326812168	-0.235477940554099	0.124413418654256	0.326714413977442	-0.0380035078824696
primary_only_reference	DefiniteBacterial_03	primary_bacterial	0.384685492426078	0.378876180912572	0.0433980873965438	0.304640280756483	-0.177962503305892
primary_only_reference	DefiniteBacterial_04	primary_bacterial	-0.330543933054396	-0.218218425335331	0.218509769911638	0.441865187339082	-0.146065945610852
primary_only_reference	DefiniteBacterial_05	primary_bacterial	-0.540063647968228	-0.321541077225248	0.25247604780283	0.39734986108143	0.0173030707869208
primary_only_reference	DefiniteBacterial_06	primary_bacterial	-0.534887571114657	-0.340353140892328	0.349342461727783	0.333619122459273	-0.0711163523245978
primary_only_reference	DefiniteBacterial_07	primary_bacterial	0.119915507512131	0.374385656626674	-0.411330435123175	-0.6177917741831	0.22755215768481
primary_only_reference	DefiniteBacterial_08	primary_bacterial	0.441764601116618	0.587624879223176	-0.362051437129198	-0.14952529334437	-0.0881537107250537
primary_only_reference	DefiniteBacterial_09	primary_bacterial	0.121074095651713	0.521535378602639	0.177656507591254	0.29403837488342	-0.359836275174701
primary_only_reference	DefiniteBacterial_10	primary_bacterial	0.754106967907464	0.254719130431914	-0.285800705925349	-0.360905977265226	-0.262642427466817
primary_only_reference	DefiniteBacterial_11	primary_bacterial	0.394064299961434	0.392435185281684	-0.347739030672988	-0.507556820923607	0.0475094265530265
primary_only_reference	DefiniteBacterial_12	primary_bacterial	0.475995741405212	0.569316693934805	-0.307254153696541	-0.283852853155788	-0.134869050424945
primary_only_reference	DefiniteBacterial_13	primary_bacterial	0.458789706390683	0.657985777436095	-0.255075436437395	-0.189933848896954	-0.24685789394193
primary_only_reference	DefiniteBacterial_14	primary_bacterial	-0.0788545528452808	0.37136183974129	-0.344228968283567	-0.534374013699443	0.198434629149625
primary_only_reference	DefiniteBacterial_15	primary_bacterial	0.721166839568652	0.336391840188224	-0.373899651154161	-0.535917981477908	-0.127219366633922
primary_only_reference	DefiniteBacterial_16	primary_bacterial	0.128074077997281	0.436690074682719	-0.230638599634233	-0.499239551256023	0.0704968884264872
primary_only_reference	DefiniteBacterial_17	primary_bacterial	0.770354380349875	0.693749666345511	-0.314545830746948	-0.330002456398919	-0.290496554616145
primary_only_reference	DefiniteBacterial_18	primary_bacterial	0.191732480660551	-0.136103605386033	0.176433007192959	0.0973018998456705	-0.0559375242320362
primary_only_reference	DefiniteBacterial_19	primary_bacterial	0.71657816725937	0.610971505293432	-0.395877727042111	-0.272439328396509	-0.301349875770446
primary_only_reference	DefiniteBacterial_20	primary_bacterial	0.542868720797957	0.364134284687645	-0.140525224536135	0.157937363173357	-0.107123893047396
primary_only_reference	DefiniteBacterial_21	primary_bacterial	-0.025290115509782	-0.155699478626172	-0.386315052831586	-0.416079787458355	0.306464047146849
primary_only_reference	DefiniteBacterial_22	primary_bacterial	-0.40794313351508	-0.0262626262626262	-0.190534044033267	-0.31601007921046	0.0752004977706078
primary_only_reference	DefiniteBacterial_23	primary_bacterial	0.618289378315159	0.184550964187329	-0.167252131856943	-0.249327163265071	-0.0920768803697467
primary_only_reference	DefiniteBacterial_24	primary_bacterial	0.65874107920105	0.644268774703558	-0.503497776583998	-0.280788616723183	-0.0181602925719492
primary_only_reference	DefiniteBacterial_25	primary_bacterial	0.724812249272197	0.376796270236792	-0.320107063585326	-0.372400167093806	-0.141081230602801
primary_only_reference	DefiniteBacterial_26	primary_bacterial	0.352959644879917	0.321848017972614	-0.101341602885546	0.046898411747078	-0.178436034183641
primary_only_reference	DefiniteBacterial_27	primary_bacterial	0.695045995690892	0.749334343068498	-0.350179034016464	-0.258040643370833	-0.258826693721516
primary_only_reference	DefiniteBacterial_28	primary_bacterial	0.289029079678101	0.304891121871499	-0.147601535338921	-0.569525978811162	-0.136221564107403
primary_only_reference	DefiniteBacterial_29	primary_bacterial	-0.293826154024452	0.206623389286634	-0.384515998533521	-0.517889883664822	0.375645244846647
primary_only_reference	DefiniteBacterial_30	primary_bacterial	0.30867743094878	0.694798264896842	-0.321359728382893	-0.109515591914406	0.012006496650613
primary_only_reference	DefiniteBacterial_31	primary_bacterial	0.610500424048359	0.431728091728095	-0.335969734118981	-0.350285038061966	-0.0655567131813478
primary_only_reference	DefiniteBacterial_32	primary_bacterial	0.369475383485049	0.305416449046056	-0.13101546930303	-0.132361673104919	-0.0551143902804387
primary_only_reference	DefiniteBacterial_33	primary_bacterial	0.22624786857405	0.445266009838777	-0.343104618209397	-0.353251135626216	9.42860921607502e-05
primary_only_reference	DefiniteBacterial_34	primary_bacterial	0.630101030717421	0.352755215610126	-0.444231963243513	-0.259434568430069	0.0290792314679977
primary_only_reference	DefiniteBacterial_35	primary_bacterial	0.10814645089401	0.523748775121564	-0.275960984324574	-0.155568478545936	0.0424760796663415
primary_only_reference	DefiniteBacterial_36	primary_bacterial	-0.266123461385659	0.382689440936987	0.0199077062860151	0.176243250923557	-0.0145566816037876
primary_only_reference	DefiniteBacterial_37	primary_bacterial	0.548291977948975	0.418094684867851	-0.461660779722454	-0.2356807920256	0.0803057024163805
primary_only_reference	DefiniteBacterial_38	primary_bacterial	0.383961307854893	0.32501160533809	-0.47276429880148	-0.594524391674254	0.242396105496449
primary_only_reference	DefiniteBacterial_39	primary_bacterial	0.666764759387474	0.5857284642714	-0.526278840315727	-0.591280233427375	0.0514326520501185
primary_only_reference	DefiniteBacterial_40	primary_bacterial	-0.496495870210336	-0.300909253275746	-0.0711501737999585	-0.309134347470386	0.369586630158345
primary_only_reference	DefiniteBacterial_41	primary_bacterial	0.254403765690377	-0.432438202721388	-0.101925017989694	-0.122320302648172	0.0952994162759076
primary_only_reference	DefiniteBacterial_42	primary_bacterial	-0.282264078291217	-0.36533571740324	0.141192578900527	-0.215945875768154	0.198189699523639
primary_only_reference	DefiniteBacterial_43	primary_bacterial	-0.286935182638157	0.0329443208832944	0.0715710527349114	-0.231270042508763	0.0799465258558872
primary_only_reference	DefiniteBacterial_44	primary_bacterial	0.42636576974636	0.556811368871576	-0.326535264494544	-0.363577018035736	0.0527115247319675
primary_only_reference	DefiniteBacterial_45	primary_bacterial	0.208372329883286	0.457177135338055	-0.201618756543335	-0.0809193610312856	0.0164148735580736
primary_only_reference	DefiniteBacterial_46	primary_bacterial	0.525319027076744	0.571589257041947	-0.286346625371016	-0.418518030441368	-0.0918464503951568
primary_only_reference	DefiniteBacterial_47	primary_bacterial	0.231390949379304	0.0284908048544421	-0.163226494011469	0.043000654412693	0.175954339692929
primary_only_reference	DefiniteBacterial_48	primary_bacterial	0.710381931103784	0.326350277592807	-0.319768054368195	-0.54479648989972	-0.100082096404901
primary_only_reference	DefiniteBacterial_49	primary_bacterial	0.533263702876595	0.477996950883942	-0.439481715551236	-0.178690602101973	-0.00777920656885897
primary_only_reference	DefiniteBacterial_50	primary_bacterial	0.647849613775347	0.613817248220332	-0.506963179001093	-0.514371021072887	0.0583457740039603
primary_only_reference	DefiniteBacterial_51	primary_bacterial	0.671020437040984	0.535649140020929	-0.428050426519816	-0.395258948121005	-0.116670881117772
primary_only_reference	DefiniteBacterial_52	primary_bacterial	0.471119325328897	0.374067710340731	-0.354319044864984	-0.536950244800601	0.0686855620792602
primary_only_reference	DefiniteViral_01	primary_viral	-0.721071657617264	-0.643460874201657	0.434563956928173	0.36766964313175	0.14707436042005
primary_only_reference	DefiniteViral_02	primary_viral	-0.757826272821501	-0.530464575666677	0.409636082878149	0.412830124722094	0.147079417076315
primary_only_reference	DefiniteViral_03	primary_viral	-0.539748953974895	-0.388384181388932	0.271876188303292	0.526687027702598	0.0469640303752277
primary_only_reference	DefiniteViral_04	primary_viral	0.796196040412288	0.664447129876696	-0.477183406113539	-0.453443624635127	-0.143877259602803
primary_only_reference	DefiniteViral_05	primary_viral	-0.548305349100407	-0.280963466750917	0.30705378286997	0.18625390788668	-0.0301044185676923
primary_only_reference	DefiniteViral_06	primary_viral	-0.732457491518835	-0.57662443112616	0.282957152445927	0.054874639831419	0.22774982166636
primary_only_reference	DefiniteViral_07	primary_viral	-0.849103853119333	-0.522264114148272	0.457685281893242	0.433401923589233	0.214146692686529
primary_only_reference	DefiniteViral_08	primary_viral	-0.705469597597386	-0.508556984017701	0.445806577155087	0.615897373442135	-0.0293939168112766
primary_only_reference	DefiniteViral_09	primary_viral	-0.697033654004542	-0.560464527541262	0.485500792136022	0.529747361968563	0.103650599713616
primary_only_reference	DefiniteViral_10	primary_viral	-0.625234285155005	-0.280044958087101	0.307455874631446	0.311329080127035	-0.0177473539110278
primary_only_reference	DefiniteViral_11	primary_viral	-0.484835264187045	0.0523239751281628	0.32321765310686	0.321976716559755	-0.0449480591767514
primary_only_reference	DefiniteViral_12	primary_viral	-0.167966965704994	-0.0861741661725541	-0.0763869860644053	-0.240793759345334	0.152302848356154
primary_only_reference	DefiniteViral_13	primary_viral	-0.813549717747777	-0.456433159142702	0.443791859168032	0.266552386888993	0.0923364654294088
primary_only_reference	DefiniteViral_14	primary_viral	-0.262039887839211	0.0612126467741441	0.0522142467363472	0.0413996679171019	0.0552732862916771
primary_only_reference	DefiniteViral_15	primary_viral	-0.522003702108458	-0.354884694503588	0.294951769951769	0.241959785551478	-0.0482091560145458
primary_only_reference	DefiniteViral_16	primary_viral	0.600835185669457	0.414269025235425	-0.224369582348306	-0.316090246309599	-0.136881830332574
primary_only_reference	DefiniteViral_17	primary_viral	-0.655557386913118	-0.412935148335505	0.226767349874146	0.0523943351518153	0.205994327710769
primary_only_reference	DefiniteViral_18	primary_viral	-0.570299899488088	-0.471505722907983	0.455770583144	0.564502872087051	-0.0595416011805091
primary_only_reference	DefiniteViral_19	primary_viral	0.0940998640085831	-0.260394177051638	-0.0337526883168778	-0.0134282755711239	0.0837198060716707
primary_only_reference	DefiniteViral_20	primary_viral	0.496632166189532	0.333554563908958	-0.1739416871285	-0.114817328651796	-0.230549339765302
primary_only_reference	DefiniteViral_21	primary_viral	-0.731578999800751	-0.395225616955102	0.541598886202094	0.550151183401109	0.00440725146367507
primary_only_reference	DefiniteViral_22	primary_viral	-0.490757014208952	-0.439240142642258	0.372674848761804	0.246909606677215	0.0471719297877708
primary_only_reference	DefiniteViral_23	primary_viral	-0.494840977795243	-0.0883924135112632	-0.0236696740492905	-0.0527641603793395	0.171930067030613
primary_only_reference	DefiniteViral_24	primary_viral	-0.460761540471952	-0.540660166898207	0.345223254687519	0.379313706375514	0.0747219025700032
primary_only_reference	DefiniteViral_25	primary_viral	-0.260131571712085	-0.653758969081639	0.314829928809211	0.542491220660586	-0.0580435742873341
primary_only_reference	DefiniteViral_26	primary_viral	0.532013651723665	0.522012046954614	-0.28529385019687	-0.190467635131666	-0.0807082860708058
primary_only_reference	DefiniteViral_27	primary_viral	0.547654227252368	-0.0848306973448785	-0.189546283024544	-0.441730844814578	-0.0183431393883164
primary_only_reference	DefiniteViral_28	primary_viral	-0.595356644749947	0.0134792596308739	0.154375864960668	-0.262800452759838	0.105552060016271
primary_only_reference	DefiniteViral_29	primary_viral	0.704281113807107	0.0972066401176161	-0.232077538336136	-0.282614239580879	-0.14303145462505
primary_only_reference	DefiniteViral_30	primary_viral	-0.674134069755704	-0.296413279767951	0.387259577173739	0.316359840935498	0.00198886198872675
primary_only_reference	DefiniteViral_31	primary_viral	-0.584371507004191	-0.0807607578205304	0.167475837266801	0.0872353251450527	0.0565115117395749
primary_only_reference	DefiniteViral_32	primary_viral	-0.867357649981953	-0.643462496809718	0.533155829470145	0.541914657520429	0.118523964939935
primary_only_reference	DefiniteViral_33	primary_viral	0.512909568282361	0.508037912130133	-0.193070781993633	-0.0516171410697532	-0.096611489776047
primary_only_reference	DefiniteViral_34	primary_viral	-0.214515051139005	-0.0743801652892557	-0.080235136872305	-0.0275876080651268	0.000582841509211868
primary_only_reference	DefiniteViral_35	primary_viral	-0.90145821766779	-0.663990520668341	0.417818662818663	0.217894552051027	0.327917673782411
primary_only_reference	DefiniteViral_36	primary_viral	-0.356976738081616	-0.638957059283919	0.505165431040979	0.623905954178101	-0.141341364272564
primary_only_reference	DefiniteViral_37	primary_viral	-0.731464159747257	-0.528509244851709	0.522330121736039	0.572185876107522	-0.0125345684286264
primary_only_reference	DefiniteViral_38	primary_viral	-0.658458167359233	-0.523187292196852	0.441250098712784	0.485500834943479	-0.000316795119545771
primary_only_reference	DefiniteViral_39	primary_viral	0.441215218902862	0.397636580463846	-0.0695277765890167	0.0230468561501709	-0.254244814968121
primary_only_reference	DefiniteViral_40	primary_viral	-0.797991597517302	-0.683942681585775	0.484525949898117	0.539206078383581	0.155642142412713
primary_only_reference	DefiniteViral_41	primary_viral	-0.689751549570683	-0.584124738423463	0.534077173407716	0.582865572883948	0.0607345431560738
primary_only_reference	DefiniteViral_42	primary_viral	-0.76002432431356	-0.706014168341564	0.503480289941416	0.506954624160915	-0.0656933294433864
primary_only_reference	DefiniteViral_43	primary_viral	-0.558328420401926	-0.620268142098584	0.508280562456362	0.434139866328222	-0.0678431462736683
primary_only_reference	DefiniteViral_44	primary_viral	-0.710613785263056	-0.621408177816817	0.519395711500974	0.64385800230405	-0.140266556417687
primary_only_reference	DefiniteViral_45	primary_viral	0.337907949790795	0.107684930109173	-0.250510543169597	-0.107141615288941	0.116938077086993
primary_only_reference	DefiniteViral_46	primary_viral	0.429939439678294	0.396380682769433	-0.103945687974726	0.045496268787443	-0.242492660804006
primary_only_reference	DefiniteViral_47	primary_viral	0.450661087866106	0.402880924080531	-0.327480744018355	-0.540579710144923	0.0150136054231124
primary_only_reference	DefiniteViral_48	primary_viral	0.6982884965955	0.129406661262927	-0.342585642935906	-0.527635875731292	-0.033001904525876
primary_only_reference	DefiniteViral_49	primary_viral	-0.393060409217191	-0.642907561542303	0.213141275442002	0.278448072798504	0.147035571484804
primary_only_reference	DefiniteViral_50	primary_viral	0.738625536193788	0.531102766933453	-0.399199557766723	-0.380844853921214	-0.219660813088859
primary_only_reference	DefiniteViral_51	primary_viral	0.483505083509519	-0.323432295716108	0.126623357999197	-0.0707193068302525	-0.203192035442708
primary_only_reference	DefiniteViral_52	primary_viral	0.717576874398457	0.41130984987417	-0.177778320763221	-0.0990922476982579	-0.249008295494311
primary_only_reference	DefiniteViral_53	primary_viral	0.890029455234289	0.523686220655918	-0.391958333333335	-0.468181120176901	-0.211796894667217
primary_only_reference	DefiniteViral_54	primary_viral	0.141483118865293	-0.366679638562027	0.210172723194257	0.384243421921355	-0.0519504851873559
primary_only_reference	DefiniteViral_55	primary_viral	0.833965050455329	0.516357399033215	-0.224212578229199	-0.428241660538069	-0.398239653429298
primary_only_reference	DefiniteViral_56	primary_viral	-0.409972025749794	-0.342846620079181	0.137237891565455	0.16817549708518	0.176769620993466
primary_only_reference	DefiniteViral_57	primary_viral	-0.311134459241221	-0.353406841587798	-0.147341255551554	-0.239964220681723	0.323058938473123
primary_only_reference	DefiniteViral_58	primary_viral	-0.282585140609114	-0.146214653817371	0.163324364882744	0.169816557722388	0.0603841398271043
primary_only_reference	DefiniteViral_59	primary_viral	0.344264358614161	0.227272727272729	-0.277399848828421	-0.378280854975866	0.0109368927372939
primary_only_reference	DefiniteViral_60	primary_viral	-0.00458750023453447	-0.0364866672015832	-0.00999649245878637	-0.162595358142449	0.0887386816180683
primary_only_reference	DefiniteViral_61	primary_viral	0.401519055176535	-0.065805825056623	-0.211158139452342	-0.364711537361089	0.17595599443303
primary_only_reference	DefiniteViral_62	primary_viral	-0.540239757543037	-0.325513277933909	0.0396118303952408	0.159373539036933	0.166689991293182
primary_only_reference	DefiniteViral_63	primary_viral	-0.630272793042669	-0.379836069428802	0.316195345295143	0.208752423492614	0.0826635327988597
primary_only_reference	DefiniteViral_64	primary_viral	-0.645097117193195	-0.374473030784344	0.322827209679799	0.281776665624023	0.09333546715306
primary_only_reference	DefiniteViral_65	primary_viral	-0.517146076012663	0.0034747911093034	0.129033160227015	0.146543471594469	0.0495571244830073
primary_only_reference	DefiniteViral_66	primary_viral	0.59281400585408	0.337258572667916	-0.08987623987624	-0.0373243227079726	-0.184854600767861
primary_only_reference	DefiniteViral_67	primary_viral	-0.441515014031021	-0.0971688804275651	0.411628614916285	0.545810751134129	-0.159648771701606
primary_only_reference	DefiniteViral_68	primary_viral	0.530313026267818	0.182905778754439	0.0482297172581592	0.210561189402788	-0.246352551617005
primary_only_reference	DefiniteViral_69	primary_viral	0.373135694862803	0.215407301441683	-0.0384603919815187	-0.0502084574151284	-0.0854917035010634
primary_only_reference	DefiniteViral_70	primary_viral	0.476202782039143	0.433585410518928	0.0363756779162558	0.0820881525476711	-0.261507177139711
primary_only_reference	DefiniteViral_71	primary_viral	0.348061494760277	0.432449261216385	-0.285166127418496	-0.510442699196642	-0.0842741938939847
primary_only_reference	DefiniteViral_72	primary_viral	-0.0196298510106047	-0.266166946963677	0.340984037923593	0.436042587614296	-0.183174148575443
primary_only_reference	DefiniteViral_73	primary_viral	0.510773219387845	0.452016425094501	0.1042624957016	0.163671961677523	-0.271918290765283
primary_only_reference	DefiniteViral_74	primary_viral	-0.444597671704666	-0.50678197154298	0.094392033542977	-0.116742081447964	0.333197476192343
primary_only_reference	DefiniteViral_75	primary_viral	-0.44051383025048	-0.476417306078478	0.26699234536205	0.250786259806584	0.154681094041925
primary_only_reference	DefiniteViral_76	primary_viral	-0.582532257310485	-0.656944189057453	0.383790771180998	0.557667781493872	0.101970171700714
primary_only_reference	DefiniteViral_77	primary_viral	-0.12698399655543	-0.427700549222574	0.339030055841225	0.423842976342038	-0.0807846216212016
primary_only_reference	DefiniteViral_78	primary_viral	-0.622149569202163	-0.540499029902492	0.438601886018859	0.555052393392315	0.0204299032659927
primary_only_reference	DefiniteViral_79	primary_viral	0.105116799815523	-0.419126328217233	0.317993830735635	0.505741948569051	-0.184640645113027
primary_only_reference	DefiniteViral_80	primary_viral	-0.680420577105798	-0.737479350936126	0.567556122862469	0.59763435149679	0.0323917291440928
primary_only_reference	DefiniteViral_81	primary_viral	0.509196225514217	-0.32076743005518	-0.247334763767933	-0.50732308510529	0.121005369677127
primary_only_reference	DefiniteViral_82	primary_viral	-0.0573380492649331	-0.34616129199375	-0.266308884913536	-0.326454683106208	0.394841765754117
primary_only_reference	DefiniteViral_83	primary_viral	0.477159219443266	-0.174949685265276	-0.229559227509284	-0.503502861115564	0.0670657080296848
primary_only_reference	DefiniteViral_84	primary_viral	-0.00999672180843347	-0.505144257692526	-0.291450074502351	-0.466682765920275	0.355944008637611
primary_only_reference	DefiniteViral_85	primary_viral	0.165766030045238	-0.020661157024793	-0.267425135679821	-0.396952856449421	0.146887714636861
primary_only_reference	DefiniteViral_86	primary_viral	-0.110286345633021	0.0175422955652438	0.0298615089432669	-0.182008589751133	0.0400467665665345
primary_only_reference	DefiniteViral_87	primary_viral	-0.295042351260336	-0.547289200461988	0.471488109033393	0.556933298056856	-0.250041956412288
primary_only_reference	DefiniteViral_88	primary_viral	0.762764292194033	0.592256415488739	-0.355318852687275	-0.467687633846303	-0.232649445702972
primary_only_reference	DefiniteViral_89	primary_viral	-0.192036647294902	-0.276379225728224	0.0454523375834849	0.375158959984338	0.234756355882887
primary_only_reference	DefiniteViral_90	primary_viral	0.614509891277802	0.222054811322946	-0.377087271377647	-0.540373471423603	0.0871885470714749
primary_only_reference	DefiniteViral_91	primary_viral	0.298412078725587	0.0339888909138466	0.201609695608432	0.386962265234623	-0.350934738899827
primary_only_reference	DefiniteViral_92	primary_viral	-0.45565039280664	-0.259788109367604	0.0907174854960711	-0.182214403785203	0.23651312824343
primary_only_reference	DefiniteViral_93	primary_viral	0.199785213201573	0.222669569742126	-0.188846873687025	-0.345930130493298	0.147343452940909
primary_only_reference	DefiniteViral_94	primary_viral	-0.463795726708729	-0.519656019656016	0.324995174676703	0.406900882963185	0.127909463222339
