base_sample_id	sample_group	projection_role
Control_01	Control	secondary_control_context
Control_02	Control	secondary_control_context
Control_03	Control	secondary_control_context
Control_04	Control	secondary_control_context
Control_05	Control	secondary_control_context
Control_06	Control	secondary_control_context
Control_07	Control	secondary_control_context
Control_08	Control	secondary_control_context
Control_09	Control	secondary_control_context
Control_10	Control	secondary_control_context
Control_11	Control	secondary_control_context
Control_12	Control	secondary_control_context
Control_13	Control	secondary_control_context
Control_14	Control	secondary_control_context
Control_15	Control	secondary_control_context
Control_16	Control	secondary_control_context
Control_17	Control	secondary_control_context
Control_18	Control	secondary_control_context
Control_19	Control	secondary_control_context
Control_20	Control	secondary_control_context
Control_21	Control	secondary_control_context
Control_22	Control	secondary_control_context
Control_23	Control	secondary_control_context
Control_24	Control	secondary_control_context
Control_25	Control	secondary_control_context
Control_26	Control	secondary_control_context
Control_27	Control	secondary_control_context
Control_28	Control	secondary_control_context
Control_29	Control	secondary_control_context
Control_30	Control	secondary_control_context
Control_31	Control	secondary_control_context
Control_32	Control	secondary_control_context
Control_33	Control	secondary_control_context
Control_34	Control	secondary_control_context
Control_35	Control	secondary_control_context
Control_36	Control	secondary_control_context
Control_37	Control	secondary_control_context
Control_38	Control	secondary_control_context
Control_39	Control	secondary_control_context
Control_40	Control	secondary_control_context
Control_41	Control	secondary_control_context
Control_42	Control	secondary_control_context
Control_43	Control	secondary_control_context
Control_44	Control	secondary_control_context
Control_45	Control	secondary_control_context
Control_46	Control	secondary_control_context
Control_47	Control	secondary_control_context
Control_48	Control	secondary_control_context
Control_49	Control	secondary_control_context
Control_50	Control	secondary_control_context
Control_51	Control	secondary_control_context
Control_52	Control	secondary_control_context
Control_53	Control	secondary_control_context
Control_54	Control	secondary_control_context
Control_55	Control	secondary_control_context
DefiniteBacterial_01	DefiniteBacterial	primary_bacterial
DefiniteBacterial_02	DefiniteBacterial	primary_bacterial
DefiniteBacterial_03	DefiniteBacterial	primary_bacterial
DefiniteBacterial_04	DefiniteBacterial	primary_bacterial
DefiniteBacterial_05	DefiniteBacterial	primary_bacterial
DefiniteBacterial_06	DefiniteBacterial	primary_bacterial
DefiniteBacterial_07	DefiniteBacterial	primary_bacterial
DefiniteBacterial_08	DefiniteBacterial	primary_bacterial
DefiniteBacterial_09	DefiniteBacterial	primary_bacterial
DefiniteBacterial_10	DefiniteBacterial	primary_bacterial
DefiniteBacterial_11	DefiniteBacterial	primary_bacterial
DefiniteBacterial_12	DefiniteBacterial	primary_bacterial
DefiniteBacterial_13	DefiniteBacterial	primary_bacterial
DefiniteBacterial_14	DefiniteBacterial	primary_bacterial
DefiniteBacterial_15	DefiniteBacterial	primary_bacterial
DefiniteBacterial_16	DefiniteBacterial	primary_bacterial
DefiniteBacterial_17	DefiniteBacterial	primary_bacterial
DefiniteBacterial_18	DefiniteBacterial	primary_bacterial
DefiniteBacterial_19	DefiniteBacterial	primary_bacterial
DefiniteBacterial_20	DefiniteBacterial	primary_bacterial
DefiniteBacterial_21	DefiniteBacterial	primary_bacterial
DefiniteBacterial_22	DefiniteBacterial	primary_bacterial
DefiniteBacterial_23	DefiniteBacterial	primary_bacterial
DefiniteBacterial_24	DefiniteBacterial	primary_bacterial
DefiniteBacterial_25	DefiniteBacterial	primary_bacterial
DefiniteBacterial_26	DefiniteBacterial	primary_bacterial
DefiniteBacterial_27	DefiniteBacterial	primary_bacterial
DefiniteBacterial_28	DefiniteBacterial	primary_bacterial
DefiniteBacterial_29	DefiniteBacterial	primary_bacterial
DefiniteBacterial_30	DefiniteBacterial	primary_bacterial
DefiniteBacterial_31	DefiniteBacterial	primary_bacterial
DefiniteBacterial_32	DefiniteBacterial	primary_bacterial
DefiniteBacterial_33	DefiniteBacterial	primary_bacterial
DefiniteBacterial_34	DefiniteBacterial	primary_bacterial
DefiniteBacterial_35	DefiniteBacterial	primary_bacterial
DefiniteBacterial_36	DefiniteBacterial	primary_bacterial
DefiniteBacterial_37	DefiniteBacterial	primary_bacterial
DefiniteBacterial_38	DefiniteBacterial	primary_bacterial
DefiniteBacterial_39	DefiniteBacterial	primary_bacterial
DefiniteBacterial_40	DefiniteBacterial	primary_bacterial
DefiniteBacterial_41	DefiniteBacterial	primary_bacterial
DefiniteBacterial_42	DefiniteBacterial	primary_bacterial
DefiniteBacterial_43	DefiniteBacterial	primary_bacterial
DefiniteBacterial_44	DefiniteBacterial	primary_bacterial
DefiniteBacterial_45	DefiniteBacterial	primary_bacterial
DefiniteBacterial_46	DefiniteBacterial	primary_bacterial
DefiniteBacterial_47	DefiniteBacterial	primary_bacterial
DefiniteBacterial_48	DefiniteBacterial	primary_bacterial
DefiniteBacterial_49	DefiniteBacterial	primary_bacterial
DefiniteBacterial_50	DefiniteBacterial	primary_bacterial
DefiniteBacterial_51	DefiniteBacterial	primary_bacterial
DefiniteBacterial_52	DefiniteBacterial	primary_bacterial
DefiniteViral_01	DefiniteViral	primary_viral
DefiniteViral_02	DefiniteViral	primary_viral
DefiniteViral_03	DefiniteViral	primary_viral
DefiniteViral_04	DefiniteViral	primary_viral
DefiniteViral_05	DefiniteViral	primary_viral
DefiniteViral_06	DefiniteViral	primary_viral
DefiniteViral_07	DefiniteViral	primary_viral
DefiniteViral_08	DefiniteViral	primary_viral
DefiniteViral_09	DefiniteViral	primary_viral
DefiniteViral_10	DefiniteViral	primary_viral
DefiniteViral_11	DefiniteViral	primary_viral
DefiniteViral_12	DefiniteViral	primary_viral
DefiniteViral_13	DefiniteViral	primary_viral
DefiniteViral_14	DefiniteViral	primary_viral
DefiniteViral_15	DefiniteViral	primary_viral
DefiniteViral_16	DefiniteViral	primary_viral
DefiniteViral_17	DefiniteViral	primary_viral
DefiniteViral_18	DefiniteViral	primary_viral
DefiniteViral_19	DefiniteViral	primary_viral
DefiniteViral_20	DefiniteViral	primary_viral
DefiniteViral_21	DefiniteViral	primary_viral
DefiniteViral_22	DefiniteViral	primary_viral
DefiniteViral_23	DefiniteViral	primary_viral
DefiniteViral_24	DefiniteViral	primary_viral
DefiniteViral_25	DefiniteViral	primary_viral
DefiniteViral_26	DefiniteViral	primary_viral
DefiniteViral_27	DefiniteViral	primary_viral
DefiniteViral_28	DefiniteViral	primary_viral
DefiniteViral_29	DefiniteViral	primary_viral
DefiniteViral_30	DefiniteViral	primary_viral
DefiniteViral_31	DefiniteViral	primary_viral
DefiniteViral_32	DefiniteViral	primary_viral
DefiniteViral_33	DefiniteViral	primary_viral
DefiniteViral_34	DefiniteViral	primary_viral
DefiniteViral_35	DefiniteViral	primary_viral
DefiniteViral_36	DefiniteViral	primary_viral
DefiniteViral_37	DefiniteViral	primary_viral
DefiniteViral_38	DefiniteViral	primary_viral
DefiniteViral_39	DefiniteViral	primary_viral
DefiniteViral_40	DefiniteViral	primary_viral
DefiniteViral_41	DefiniteViral	primary_viral
DefiniteViral_42	DefiniteViral	primary_viral
DefiniteViral_43	DefiniteViral	primary_viral
DefiniteViral_44	DefiniteViral	primary_viral
DefiniteViral_45	DefiniteViral	primary_viral
DefiniteViral_46	DefiniteViral	primary_viral
DefiniteViral_47	DefiniteViral	primary_viral
DefiniteViral_48	DefiniteViral	primary_viral
DefiniteViral_49	DefiniteViral	primary_viral
DefiniteViral_50	DefiniteViral	primary_viral
DefiniteViral_51	DefiniteViral	primary_viral
DefiniteViral_52	DefiniteViral	primary_viral
DefiniteViral_53	DefiniteViral	primary_viral
DefiniteViral_54	DefiniteViral	primary_viral
DefiniteViral_55	DefiniteViral	primary_viral
DefiniteViral_56	DefiniteViral	primary_viral
DefiniteViral_57	DefiniteViral	primary_viral
DefiniteViral_58	DefiniteViral	primary_viral
DefiniteViral_59	DefiniteViral	primary_viral
DefiniteViral_60	DefiniteViral	primary_viral
DefiniteViral_61	DefiniteViral	primary_viral
DefiniteViral_62	DefiniteViral	primary_viral
DefiniteViral_63	DefiniteViral	primary_viral
DefiniteViral_64	DefiniteViral	primary_viral
DefiniteViral_65	DefiniteViral	primary_viral
DefiniteViral_66	DefiniteViral	primary_viral
DefiniteViral_67	DefiniteViral	primary_viral
DefiniteViral_68	DefiniteViral	primary_viral
DefiniteViral_69	DefiniteViral	primary_viral
DefiniteViral_70	DefiniteViral	primary_viral
DefiniteViral_71	DefiniteViral	primary_viral
DefiniteViral_72	DefiniteViral	primary_viral
DefiniteViral_73	DefiniteViral	primary_viral
DefiniteViral_74	DefiniteViral	primary_viral
DefiniteViral_75	DefiniteViral	primary_viral
DefiniteViral_76	DefiniteViral	primary_viral
DefiniteViral_77	DefiniteViral	primary_viral
DefiniteViral_78	DefiniteViral	primary_viral
DefiniteViral_79	DefiniteViral	primary_viral
DefiniteViral_80	DefiniteViral	primary_viral
DefiniteViral_81	DefiniteViral	primary_viral
DefiniteViral_82	DefiniteViral	primary_viral
DefiniteViral_83	DefiniteViral	primary_viral
DefiniteViral_84	DefiniteViral	primary_viral
DefiniteViral_85	DefiniteViral	primary_viral
DefiniteViral_86	DefiniteViral	primary_viral
DefiniteViral_87	DefiniteViral	primary_viral
DefiniteViral_88	DefiniteViral	primary_viral
DefiniteViral_89	DefiniteViral	primary_viral
DefiniteViral_90	DefiniteViral	primary_viral
DefiniteViral_91	DefiniteViral	primary_viral
DefiniteViral_92	DefiniteViral	primary_viral
DefiniteViral_93	DefiniteViral	primary_viral
DefiniteViral_94	DefiniteViral	primary_viral
Inflammatory_01	Inflammatory	exclude_from_primary_projection
Inflammatory_02	Inflammatory	exclude_from_primary_projection
Inflammatory_03	Inflammatory	exclude_from_primary_projection
Inflammatory_04	Inflammatory	exclude_from_primary_projection
Inflammatory_05	Inflammatory	exclude_from_primary_projection
Inflammatory_06	Inflammatory	exclude_from_primary_projection
Inflammatory_07	Inflammatory	exclude_from_primary_projection
Inflammatory_08	Inflammatory	exclude_from_primary_projection
Inflammatory_09	Inflammatory	exclude_from_primary_projection
Inflammatory_10	Inflammatory	exclude_from_primary_projection
Inflammatory_11	Inflammatory	exclude_from_primary_projection
Inflammatory_12	Inflammatory	exclude_from_primary_projection
Inflammatory_13	Inflammatory	exclude_from_primary_projection
Inflammatory_14	Inflammatory	exclude_from_primary_projection
Inflammatory_15	Inflammatory	exclude_from_primary_projection
Inflammatory_16	Inflammatory	exclude_from_primary_projection
Inflammatory_17	Inflammatory	exclude_from_primary_projection
Inflammatory_18	Inflammatory	exclude_from_primary_projection
Inflammatory_19	Inflammatory	exclude_from_primary_projection
Inflammatory_20	Inflammatory	exclude_from_primary_projection
Inflammatory_21	Inflammatory	exclude_from_primary_projection
Inflammatory_22	Inflammatory	exclude_from_primary_projection
Inflammatory_23	Inflammatory	exclude_from_primary_projection
Inflammatory_24	Inflammatory	exclude_from_primary_projection
Inflammatory_25	Inflammatory	exclude_from_primary_projection
Inflammatory_26	Inflammatory	exclude_from_primary_projection
Inflammatory_27	Inflammatory	exclude_from_primary_projection
Inflammatory_28	Inflammatory	exclude_from_primary_projection
Inflammatory_29	Inflammatory	exclude_from_primary_projection
Inflammatory_30	Inflammatory	exclude_from_primary_projection
Inflammatory_31	Inflammatory	exclude_from_primary_projection
Inflammatory_32	Inflammatory	exclude_from_primary_projection
Inflammatory_33	Inflammatory	exclude_from_primary_projection
Inflammatory_34	Inflammatory	exclude_from_primary_projection
Inflammatory_35	Inflammatory	exclude_from_primary_projection
Inflammatory_36	Inflammatory	exclude_from_primary_projection
Inflammatory_37	Inflammatory	exclude_from_primary_projection
Inflammatory_38	Inflammatory	exclude_from_primary_projection
Inflammatory_39	Inflammatory	exclude_from_primary_projection
Inflammatory_40	Inflammatory	exclude_from_primary_projection
Inflammatory_41	Inflammatory	exclude_from_primary_projection
Inflammatory_42	Inflammatory	exclude_from_primary_projection
Inflammatory_43	Inflammatory	exclude_from_primary_projection
Inflammatory_44	Inflammatory	exclude_from_primary_projection
Inflammatory_45	Inflammatory	exclude_from_primary_projection
Inflammatory_46	Inflammatory	exclude_from_primary_projection
Inflammatory_47	Inflammatory	exclude_from_primary_projection
Inflammatory_48	Inflammatory	exclude_from_primary_projection
Inflammatory_49	Inflammatory	exclude_from_primary_projection
Inflammatory_50	Inflammatory	exclude_from_primary_projection
Inflammatory_51	Inflammatory	exclude_from_primary_projection
Inflammatory_52	Inflammatory	exclude_from_primary_projection
Inflammatory_53	Inflammatory	exclude_from_primary_projection
Inflammatory_54	Inflammatory	exclude_from_primary_projection
Inflammatory_55	Inflammatory	exclude_from_primary_projection
Inflammatory_56	Inflammatory	exclude_from_primary_projection
Inflammatory_57	Inflammatory	exclude_from_primary_projection
Inflammatory_58	Inflammatory	exclude_from_primary_projection
Inflammatory_59	Inflammatory	exclude_from_primary_projection
Inflammatory_60	Inflammatory	exclude_from_primary_projection
Inflammatory_61	Inflammatory	exclude_from_primary_projection
Inflammatory_62	Inflammatory	exclude_from_primary_projection
Inflammatory_63	Inflammatory	exclude_from_primary_projection
Inflammatory_64	Inflammatory	exclude_from_primary_projection
Inflammatory_65	Inflammatory	exclude_from_primary_projection
Inflammatory_66	Inflammatory	exclude_from_primary_projection
Inflammatory_67	Inflammatory	exclude_from_primary_projection
Inflammatory_68	Inflammatory	exclude_from_primary_projection
Inflammatory_69	Inflammatory	exclude_from_primary_projection
Inflammatory_70	Inflammatory	exclude_from_primary_projection
Inflammatory_71	Inflammatory	exclude_from_primary_projection
Inflammatory_72	Inflammatory	exclude_from_primary_projection
Inflammatory_73	Inflammatory	exclude_from_primary_projection
Inflammatory_74	Inflammatory	exclude_from_primary_projection
Inflammatory_75	Inflammatory	exclude_from_primary_projection
Inflammatory_76	Inflammatory	exclude_from_primary_projection
Inflammatory_77	Inflammatory	exclude_from_primary_projection
Inflammatory_78	Inflammatory	exclude_from_primary_projection
Inflammatory_79	Inflammatory	exclude_from_primary_projection
Inflammatory_80	Inflammatory	exclude_from_primary_projection
Inflammatory_81	Inflammatory	exclude_from_primary_projection
Inflammatory_82	Inflammatory	exclude_from_primary_projection
Inflammatory_83	Inflammatory	exclude_from_primary_projection
Inflammatory_84	Inflammatory	exclude_from_primary_projection
Kawasaki_01	Kawasaki	exclude_from_primary_projection
Kawasaki_02	Kawasaki	exclude_from_primary_projection
Kawasaki_03	Kawasaki	exclude_from_primary_projection
Kawasaki_04	Kawasaki	exclude_from_primary_projection
Kawasaki_05	Kawasaki	exclude_from_primary_projection
Kawasaki_06	Kawasaki	exclude_from_primary_projection
Kawasaki_07	Kawasaki	exclude_from_primary_projection
Kawasaki_08	Kawasaki	exclude_from_primary_projection
Kawasaki_09	Kawasaki	exclude_from_primary_projection
Kawasaki_10	Kawasaki	exclude_from_primary_projection
Kawasaki_11	Kawasaki	exclude_from_primary_projection
Kawasaki_12	Kawasaki	exclude_from_primary_projection
Kawasaki_13	Kawasaki	exclude_from_primary_projection
Kawasaki_14	Kawasaki	exclude_from_primary_projection
Kawasaki_15	Kawasaki	exclude_from_primary_projection
Kawasaki_16	Kawasaki	exclude_from_primary_projection
Kawasaki_17	Kawasaki	exclude_from_primary_projection
Kawasaki_18	Kawasaki	exclude_from_primary_projection
Kawasaki_19	Kawasaki	exclude_from_primary_projection
Kawasaki_20	Kawasaki	exclude_from_primary_projection
Kawasaki_21	Kawasaki	exclude_from_primary_projection
Kawasaki_22	Kawasaki	exclude_from_primary_projection
Kawasaki_23	Kawasaki	exclude_from_primary_projection
Kawasaki_24	Kawasaki	exclude_from_primary_projection
Kawasaki_25	Kawasaki	exclude_from_primary_projection
Kawasaki_26	Kawasaki	exclude_from_primary_projection
Kawasaki_27	Kawasaki	exclude_from_primary_projection
Kawasaki_28	Kawasaki	exclude_from_primary_projection
Kawasaki_29	Kawasaki	exclude_from_primary_projection
Kawasaki_30	Kawasaki	exclude_from_primary_projection
Kawasaki_31	Kawasaki	exclude_from_primary_projection
Kawasaki_32	Kawasaki	exclude_from_primary_projection
Kawasaki_33	Kawasaki	exclude_from_primary_projection
Kawasaki_34	Kawasaki	exclude_from_primary_projection
Kawasaki_35	Kawasaki	exclude_from_primary_projection
Kawasaki_36	Kawasaki	exclude_from_primary_projection
Kawasaki_37	Kawasaki	exclude_from_primary_projection
Kawasaki_38	Kawasaki	exclude_from_primary_projection
Kawasaki_39	Kawasaki	exclude_from_primary_projection
Kawasaki_40	Kawasaki	exclude_from_primary_projection
Kawasaki_41	Kawasaki	exclude_from_primary_projection
Kawasaki_42	Kawasaki	exclude_from_primary_projection
Kawasaki_43	Kawasaki	exclude_from_primary_projection
Kawasaki_44	Kawasaki	exclude_from_primary_projection
Kawasaki_45	Kawasaki	exclude_from_primary_projection
Kawasaki_46	Kawasaki	exclude_from_primary_projection
Kawasaki_47	Kawasaki	exclude_from_primary_projection
Kawasaki_48	Kawasaki	exclude_from_primary_projection
Kawasaki_49	Kawasaki	exclude_from_primary_projection
Kawasaki_50	Kawasaki	exclude_from_primary_projection
Kawasaki_51	Kawasaki	exclude_from_primary_projection
Kawasaki_52	Kawasaki	exclude_from_primary_projection
Kawasaki_53	Kawasaki	exclude_from_primary_projection
Kawasaki_54	Kawasaki	exclude_from_primary_projection
Kawasaki_55	Kawasaki	exclude_from_primary_projection
Kawasaki_56	Kawasaki	exclude_from_primary_projection
Kawasaki_57	Kawasaki	exclude_from_primary_projection
Kawasaki_58	Kawasaki	exclude_from_primary_projection
Kawasaki_59	Kawasaki	exclude_from_primary_projection
Kawasaki_60	Kawasaki	exclude_from_primary_projection
Kawasaki_61	Kawasaki	exclude_from_primary_projection
Kawasaki_62	Kawasaki	exclude_from_primary_projection
Kawasaki_63	Kawasaki	exclude_from_primary_projection
Kawasaki_64	Kawasaki	exclude_from_primary_projection
Kawasaki_65	Kawasaki	exclude_from_primary_projection
Kawasaki_66	Kawasaki	exclude_from_primary_projection
Kawasaki_67	Kawasaki	exclude_from_primary_projection
Kawasaki_68	Kawasaki	exclude_from_primary_projection
Kawasaki_69	Kawasaki	exclude_from_primary_projection
Kawasaki_70	Kawasaki	exclude_from_primary_projection
Kawasaki_71	Kawasaki	exclude_from_primary_projection
Kawasaki_72	Kawasaki	exclude_from_primary_projection
Kawasaki_73	Kawasaki	exclude_from_primary_projection
Kawasaki_74	Kawasaki	exclude_from_primary_projection
Kawasaki_75	Kawasaki	exclude_from_primary_projection
Kawasaki_76	Kawasaki	exclude_from_primary_projection
Kawasaki_77	Kawasaki	exclude_from_primary_projection
Kawasaki_78	Kawasaki	exclude_from_primary_projection
Unknown_01	Unknown	exclude_from_primary_projection
Unknown_02	Unknown	exclude_from_primary_projection
Unknown_03	Unknown	exclude_from_primary_projection
Unknown_04	Unknown	exclude_from_primary_projection
Unknown_05	Unknown	exclude_from_primary_projection
Unknown_06	Unknown	exclude_from_primary_projection
Unknown_07	Unknown	exclude_from_primary_projection
Unknown_08	Unknown	exclude_from_primary_projection
Unknown_09	Unknown	exclude_from_primary_projection
Unknown_10	Unknown	exclude_from_primary_projection
Unknown_11	Unknown	exclude_from_primary_projection
Unknown_12	Unknown	exclude_from_primary_projection
Unknown_13	Unknown	exclude_from_primary_projection
Unknown_14	Unknown	exclude_from_primary_projection
Unknown_15	Unknown	exclude_from_primary_projection
Unknown_16	Unknown	exclude_from_primary_projection
Unknown_17	Unknown	exclude_from_primary_projection
Unknown_18	Unknown	exclude_from_primary_projection
Unknown_19	Unknown	exclude_from_primary_projection
Unknown_20	Unknown	exclude_from_primary_projection
Unknown_21	Unknown	exclude_from_primary_projection
Unknown_22	Unknown	exclude_from_primary_projection
Unknown_23	Unknown	exclude_from_primary_projection
Unknown_24	Unknown	exclude_from_primary_projection
Unknown_25	Unknown	exclude_from_primary_projection
Unknown_26	Unknown	exclude_from_primary_projection
Unknown_27	Unknown	exclude_from_primary_projection
Unknown_28	Unknown	exclude_from_primary_projection
Unknown_29	Unknown	exclude_from_primary_projection
Unknown_30	Unknown	exclude_from_primary_projection
Unknown_31	Unknown	exclude_from_primary_projection
Unknown_32	Unknown	exclude_from_primary_projection
Unknown_33	Unknown	exclude_from_primary_projection
Unknown_34	Unknown	exclude_from_primary_projection
Unknown_35	Unknown	exclude_from_primary_projection
Unknown_36	Unknown	exclude_from_primary_projection
Unknown_37	Unknown	exclude_from_primary_projection
Unknown_38	Unknown	exclude_from_primary_projection
Unknown_39	Unknown	exclude_from_primary_projection
Unknown_40	Unknown	exclude_from_primary_projection
Unknown_41	Unknown	exclude_from_primary_projection
Unknown_42	Unknown	exclude_from_primary_projection
Unknown_43	Unknown	exclude_from_primary_projection
Unknown_44	Unknown	exclude_from_primary_projection
Unknown_45	Unknown	exclude_from_primary_projection
Unknown_46	Unknown	exclude_from_primary_projection
Unknown_47	Unknown	exclude_from_primary_projection
Unknown_48	Unknown	exclude_from_primary_projection
Unknown_49	Unknown	exclude_from_primary_projection
Unknown_50	Unknown	exclude_from_primary_projection
Unknown_51	Unknown	exclude_from_primary_projection
Unknown_52	Unknown	exclude_from_primary_projection
Unknown_53	Unknown	exclude_from_primary_projection
Unknown_54	Unknown	exclude_from_primary_projection
Unknown_55	Unknown	exclude_from_primary_projection
Unknown_56	Unknown	exclude_from_primary_projection
Unknown_57	Unknown	exclude_from_primary_projection
Unknown_58	Unknown	exclude_from_primary_projection
Unknown_59	Unknown	exclude_from_primary_projection
Unknown_60	Unknown	exclude_from_primary_projection
Unknown_61	Unknown	exclude_from_primary_projection
Unknown_62	Unknown	exclude_from_primary_projection
Unknown_63	Unknown	exclude_from_primary_projection
Unknown_64	Unknown	exclude_from_primary_projection
Unknown_65	Unknown	exclude_from_primary_projection
Unknown_66	Unknown	exclude_from_primary_projection
Unknown_67	Unknown	exclude_from_primary_projection
Unknown_68	Unknown	exclude_from_primary_projection
Unknown_69	Unknown	exclude_from_primary_projection
Unknown_70	Unknown	exclude_from_primary_projection
Unknown_71	Unknown	exclude_from_primary_projection
Unknown_72	Unknown	exclude_from_primary_projection
Unknown_73	Unknown	exclude_from_primary_projection
Unknown_74	Unknown	exclude_from_primary_projection
Unknown_75	Unknown	exclude_from_primary_projection
Unknown_76	Unknown	exclude_from_primary_projection
Unknown_77	Unknown	exclude_from_primary_projection
Unknown_78	Unknown	exclude_from_primary_projection
Unknown_79	Unknown	exclude_from_primary_projection
Unknown_80	Unknown	exclude_from_primary_projection
Unknown_81	Unknown	exclude_from_primary_projection
Unknown_82	Unknown	exclude_from_primary_projection
Unknown_83	Unknown	exclude_from_primary_projection
Unknown_84	Unknown	exclude_from_primary_projection
Unknown_85	Unknown	exclude_from_primary_projection
Unknown_86	Unknown	exclude_from_primary_projection
Unknown_87	Unknown	exclude_from_primary_projection
Unknown_88	Unknown	exclude_from_primary_projection
Unknown_89	Unknown	exclude_from_primary_projection
Unknown_90	Unknown	exclude_from_primary_projection
Unknown_91	Unknown	exclude_from_primary_projection
Unknown_92	Unknown	exclude_from_primary_projection
Unknown_93	Unknown	exclude_from_primary_projection
Unknown_94	Unknown	exclude_from_primary_projection
Unknown_95	Unknown	exclude_from_primary_projection
Unknown_96	Unknown	exclude_from_primary_projection
