rna_id	group	metadata_status	caution_flags	library_size	detected_genes_count_gt0	norm.factors	PC1	PC2	library_size_outlier_iqr	detected_genes_outlier_iqr	norm_factor_outlier_iqr	any_qc_outlier_iqr	caution_flagged_metadata
00943	non_covid_viral	mapped_to_sample_key	none	46205680	20361	0.955668617264219	-14.9454382556923	50.4131221739182	FALSE	FALSE	FALSE	FALSE	FALSE
105791	non_covid_viral	mapped_to_sample_key	none	28647415	24540	1.04013034302125	-23.8777722114802	4.89457498261002	FALSE	FALSE	FALSE	FALSE	FALSE
105824	non_covid_viral	mapped_to_sample_key	none	41811884	16213	1.01359499483969	3.84197132916967	3.17440648567709	FALSE	FALSE	FALSE	FALSE	FALSE
105834	non_covid_viral	mapped_to_sample_key	none	46207409	23104	0.861565538136451	-23.4306027400402	20.1909020460909	FALSE	FALSE	FALSE	FALSE	FALSE
105841	non_covid_viral	mapped_to_sample_key	none	61082057	23104	1.10406648192434	-24.3051184467878	34.1015030228794	FALSE	FALSE	FALSE	FALSE	FALSE
105842	non_covid_viral	mapped_to_sample_key	none	52756032	18031	0.980022882053763	-5.33793455498907	9.08516304088873	FALSE	FALSE	FALSE	FALSE	FALSE
105847	non_covid_viral	mapped_to_sample_key	none	52664859	18622	1.26091622764499	-17.1330874783469	55.1631845734557	FALSE	FALSE	FALSE	FALSE	FALSE
105848	non_covid_viral	mapped_to_sample_key	none	38408223	14453	0.99032779202913	29.4026440677267	15.3280382803489	FALSE	FALSE	FALSE	FALSE	FALSE
105853	non_covid_viral	mapped_to_sample_key	none	51179077	22573	1.0945578849924	-26.2623094641337	35.5401873967778	FALSE	FALSE	FALSE	FALSE	FALSE
105861	non_covid_viral	mapped_to_sample_key	none	47220758	17656	0.669086424576679	4.5446917202033	-38.2773578177077	FALSE	FALSE	FALSE	FALSE	FALSE
105920	non_covid_viral	mapped_to_sample_key	none	53276313	23714	1.10416665420891	-25.0322110316383	40.2979624838622	FALSE	FALSE	FALSE	FALSE	FALSE
105927	non_covid_viral	mapped_to_sample_key	none	67794430	18446	0.848875766578134	-6.51407982172582	0.145581075967492	FALSE	FALSE	FALSE	FALSE	FALSE
105929	non_covid_viral	mapped_to_sample_key	none	50213182	19982	0.601374790569879	-0.518590119281595	13.0132303951251	FALSE	FALSE	FALSE	FALSE	FALSE
234301	non_covid_viral	mapped_to_sample_key	none	55646663	22535	1.14471931449065	-27.9796905865057	6.43290145475084	FALSE	FALSE	FALSE	FALSE	FALSE
234326	non_covid_viral	mapped_to_sample_key	none	40821453	20300	1.16372228312	-21.9466947452052	36.9700703205218	FALSE	FALSE	FALSE	FALSE	FALSE
234330	non_covid_viral	mapped_to_sample_key	none	62653611	18208	0.986438654951963	-7.78011854693134	31.959813955377	FALSE	FALSE	FALSE	FALSE	FALSE
234376	non_covid_viral	mapped_to_sample_key	none	64543800	18417	1.08795449185424	-10.1583628674434	23.1621319143948	FALSE	FALSE	FALSE	FALSE	FALSE
234377	non_covid_viral	mapped_to_sample_key	none	41763770	16441	1.03871064516876	6.24691781453084	50.1521589658341	FALSE	FALSE	FALSE	FALSE	FALSE
234432	non_covid_viral	mapped_to_sample_key	none	36945135	16459	0.891537592665546	9.29775630333772	5.60191359342077	FALSE	FALSE	FALSE	FALSE	FALSE
234435	non_covid_viral	mapped_to_sample_key	none	54000246	20637	0.865942195592659	-13.3536050735034	16.659449493708	FALSE	FALSE	FALSE	FALSE	FALSE
434294	non_covid_viral	mapped_to_sample_key	none	53223902	25234	1.05033028151666	-27.9437226079036	16.1434744698306	FALSE	FALSE	FALSE	FALSE	FALSE
434316	non_covid_viral	mapped_to_sample_key	none	57165534	23818	1.07441402206755	-27.4372735997079	27.7741121582567	FALSE	FALSE	FALSE	FALSE	FALSE
434323	non_covid_viral	mapped_to_sample_key	none	62366818	14715	1.07292230988137	31.2306046520757	-21.3191563003409	FALSE	FALSE	FALSE	FALSE	FALSE
434325	non_covid_viral	mapped_to_sample_key	none	130001160	17025	1.12909284620107	3.60029613183139	1.06804139583999	TRUE	FALSE	FALSE	TRUE	FALSE
434330	non_covid_viral	mapped_to_sample_key	none	32429665	23034	0.952323805900167	-7.87285225611295	54.463354488146	FALSE	FALSE	FALSE	FALSE	FALSE
434333	non_covid_viral	mapped_to_sample_key	none	57744837	23654	0.886924016106435	-27.1945911857496	-10.9675314418387	FALSE	FALSE	FALSE	FALSE	FALSE
434335	non_covid_viral	mapped_to_sample_key	none	42697511	22543	0.989224691760702	-16.2159467347451	41.0635576989159	FALSE	FALSE	FALSE	FALSE	FALSE
434393	non_covid_viral	mapped_to_sample_key	none	53565193	21128	1.12110287206745	-23.1033460192195	40.6355742823792	FALSE	FALSE	FALSE	FALSE	FALSE
434399	non_covid_viral	mapped_to_sample_key	none	53471516	21901	1.00827760343121	-21.8350085397746	29.9040965014801	FALSE	FALSE	FALSE	FALSE	FALSE
434482	non_covid_viral	mapped_to_counts_key_only	counts_key_only_not_in_sample_key	40986006	11320	0.857128445505765	140.467341570155	53.8176039168958	FALSE	FALSE	FALSE	FALSE	TRUE
434486	non_covid_viral	mapped_to_sample_key	none	49141014	23450	0.893980644396089	-17.221626238449	2.39391474204392	FALSE	FALSE	FALSE	FALSE	FALSE
434517	non_covid_viral	mapped_to_sample_key	none	50965258	21634	1.02214232913204	-22.4756133354169	9.64441638349576	FALSE	FALSE	FALSE	FALSE	FALSE
434518	non_covid_viral	mapped_to_sample_key	none	56728525	20198	1.08358463824412	-19.6424192293359	50.1740529505139	FALSE	FALSE	FALSE	FALSE	FALSE
434532	non_covid_viral	mapped_to_sample_key	none	43367078	21966	1.04054438903898	-14.4195271507351	39.4402013370347	FALSE	FALSE	FALSE	FALSE	FALSE
434537	non_covid_viral	mapped_to_sample_key	none	51114778	22250	1.16782463294701	-26.5993309474744	38.105111956798	FALSE	FALSE	FALSE	FALSE	FALSE
434557	non_covid_viral	mapped_to_sample_key	none	52987709	21132	0.942397806589142	-15.4386329254716	58.5824820030048	FALSE	FALSE	FALSE	FALSE	FALSE
434567	non_covid_viral	mapped_to_sample_key	none	46724753	23231	0.977444888087138	-21.4154958898039	31.1125977227181	FALSE	FALSE	FALSE	FALSE	FALSE
434570	non_covid_viral	mapped_to_sample_key	none	48457216	22629	0.898732297152318	-26.4604895390894	-3.58945961491566	FALSE	FALSE	FALSE	FALSE	FALSE
434596	non_covid_viral	mapped_to_sample_key	none	16320748	26834	1.40349329496384	-25.558949848473	8.80682937135728	TRUE	FALSE	FALSE	TRUE	FALSE
434597	non_covid_viral	mapped_to_sample_key	none	46090447	17038	1.00105065001943	2.97298687574548	16.7116143910292	FALSE	FALSE	FALSE	FALSE	FALSE
434602	non_covid_viral	mapped_to_sample_key	none	46587103	26991	1.10416050544046	-29.3543879361953	14.8306546396091	FALSE	FALSE	FALSE	FALSE	FALSE
434619	non_covid_viral	mapped_to_sample_key	none	44264885	22050	1.25799356271282	-29.924646367177	14.6153630387765	FALSE	FALSE	FALSE	FALSE	FALSE
434735	non_covid_viral	mapped_to_sample_key	none	43299067	13552	1.16814115875458	49.5510814787328	-27.6702610168975	FALSE	FALSE	FALSE	FALSE	FALSE
434740	non_covid_viral	mapped_to_sample_key	none	54715374	21661	1.07060955742223	-23.9392132148489	18.8746232486432	FALSE	FALSE	FALSE	FALSE	FALSE
434741	non_covid_viral	mapped_to_counts_key_only	counts_key_only_not_in_sample_key	1632403	12621	2.87086099727238	251.390099133968	46.2920310708145	TRUE	FALSE	TRUE	TRUE	TRUE
434756	non_covid_viral	mapped_to_sample_key	none	61427755	23213	1.01334213483108	-25.8904882997733	9.95559689408834	FALSE	FALSE	FALSE	FALSE	FALSE
434757	non_covid_viral	mapped_to_sample_key	none	40713763	15699	1.23469809195284	5.29116885179483	-4.40288791739951	FALSE	FALSE	FALSE	FALSE	FALSE
434766	non_covid_viral	mapped_to_sample_key	none	38642809	20335	1.04771730842821	-20.3001786056327	17.5907557484962	FALSE	FALSE	FALSE	FALSE	FALSE
434768	non_covid_viral	mapped_to_sample_key	none	40238248	21191	1.00728635944521	-21.0849887793686	13.3651432456903	FALSE	FALSE	FALSE	FALSE	FALSE
434777	non_covid_viral	mapped_to_sample_key	none	20302169	22370	1.19239639967511	-29.4742361684804	33.1997277955719	TRUE	FALSE	FALSE	TRUE	FALSE
434794	non_covid_viral	mapped_to_sample_key	none	35057445	25404	1.28416692720012	-30.9688833811891	15.6794884979569	FALSE	FALSE	FALSE	FALSE	FALSE
434809	non_covid_viral	mapped_to_sample_key	none	55622527	23074	1.00279095669009	-21.5001575244436	19.1029730197054	FALSE	FALSE	FALSE	FALSE	FALSE
434859	non_covid_viral	mapped_to_sample_key	none	29168715	20668	0.89918079854948	-1.39406769492565	25.932040928138	FALSE	FALSE	FALSE	FALSE	FALSE
94189	bacterial	mapped_to_sample_key	none	52431553	16897	0.960884921037579	10.9354008964887	3.85775222623723	FALSE	FALSE	FALSE	FALSE	FALSE
94478	bacterial	mapped_to_counts_key_only	counts_key_only_not_in_sample_key	9403540	5332	1.01965516248598	508.448038146682	53.8105251978469	TRUE	TRUE	FALSE	TRUE	TRUE
94486	bacterial	mapped_to_sample_key	none	42066586	22251	0.864716980816125	-0.0175478115506144	-55.3555179179648	FALSE	FALSE	FALSE	FALSE	FALSE
95967	bacterial	mapped_to_sample_key	none	52712744	14695	0.781242110952941	76.2350065256098	-107.766071547191	FALSE	FALSE	FALSE	FALSE	FALSE
95968	bacterial	mapped_to_sample_key	none	61786032	23696	0.717252058556865	-13.7626986224798	-80.783452785977	FALSE	FALSE	FALSE	FALSE	FALSE
95969	bacterial	mapped_to_sample_key	none	50492333	19216	0.814421669439419	-0.0668049179566716	-90.6239553268244	FALSE	FALSE	FALSE	FALSE	FALSE
95970	bacterial	mapped_to_sample_key	none	50177045	19153	1.1045388416491	-7.12826109699429	-66.6442195709691	FALSE	FALSE	FALSE	FALSE	FALSE
95971	bacterial	mapped_to_sample_key	none	41616079	26184	1.04625154939608	-23.9680996064296	-51.5308965892531	FALSE	FALSE	FALSE	FALSE	FALSE
95981	bacterial	mapped_to_sample_key	none	55528914	27451	1.24074807774259	-31.5595566961652	-12.3019290201832	FALSE	FALSE	FALSE	FALSE	FALSE
95982	bacterial	mapped_to_sample_key	none	62144581	23621	0.607676285094902	-7.04689950737883	-109.686894561431	FALSE	FALSE	FALSE	FALSE	FALSE
95986	bacterial	mapped_to_sample_key	none	52878262	23012	0.713998481803756	-13.8094055182274	-82.8467522477324	FALSE	FALSE	FALSE	FALSE	FALSE
95994	bacterial	mapped_to_sample_key	none	62476657	24518	0.657875802018407	-10.9392910260433	-97.6254886612783	FALSE	FALSE	FALSE	FALSE	FALSE
95996	bacterial	mapped_to_sample_key	none	53271556	24699	0.707205876397998	-14.3262827712	-99.1199015236911	FALSE	FALSE	FALSE	FALSE	FALSE
95997	bacterial	mapped_to_sample_key	none	54621332	24891	0.784395785075426	-15.8848220908053	-59.0478978199317	FALSE	FALSE	FALSE	FALSE	FALSE
96004	bacterial	mapped_to_sample_key	none	51797658	18298	0.9569174751958	7.83597620504833	-91.1475846879612	FALSE	FALSE	FALSE	FALSE	FALSE
97389	bacterial	mapped_to_sample_key	none	43369991	16008	0.904203705292288	24.8080495379568	-89.109253828379	FALSE	FALSE	FALSE	FALSE	FALSE
97392	bacterial	mapped_to_sample_key	none	43163934	17444	1.0697707158305	51.9465296831076	-78.3211723858344	FALSE	FALSE	FALSE	FALSE	FALSE
97394	bacterial	mapped_to_sample_key	none	40199836	16030	0.774641838236077	32.3178100463268	-104.069053057335	FALSE	FALSE	FALSE	FALSE	FALSE
97395	bacterial	mapped_to_sample_key	none	52605704	16530	0.826465099531056	30.0894188095547	-115.555968033489	FALSE	FALSE	FALSE	FALSE	FALSE
97403	bacterial	mapped_to_sample_key	none	65802042	19342	0.966636492412474	-0.882113166448323	-59.6321990969201	FALSE	FALSE	FALSE	FALSE	FALSE
97406	bacterial	mapped_to_sample_key	none	46299125	21235	0.939643803221718	-9.83511232399257	-49.3051146259288	FALSE	FALSE	FALSE	FALSE	FALSE
97407	bacterial	mapped_to_sample_key	none	53783705	22784	0.7786007635278	-17.2962385310375	-69.1119920372994	FALSE	FALSE	FALSE	FALSE	FALSE
DU09-02S0000141	non_covid_viral	mapped_to_sample_key	none	54713376	17793	1.17150717133879	-10.2322661697731	-1.47497691711253	FALSE	FALSE	FALSE	FALSE	FALSE
DU09-02S0000142	non_covid_viral	mapped_to_sample_key	none	43059798	16640	1.15516129597378	-1.35816808843479	-15.1947021358178	FALSE	FALSE	FALSE	FALSE	FALSE
DU09-02S0000143	non_covid_viral	mapped_to_sample_key	none	51484463	17070	1.06131849058159	-0.99034642166062	-22.5171999606631	FALSE	FALSE	FALSE	FALSE	FALSE
DU09-02S0000144	non_covid_viral	mapped_to_sample_key	none	56834872	13567	1.03206294569337	55.3717080475057	-52.8016047317315	FALSE	FALSE	FALSE	FALSE	FALSE
DU09-02S0000145	non_covid_viral	mapped_to_sample_key	none	60740358	22660	1.2807660797663	-30.3406688825843	16.6771828157696	FALSE	FALSE	FALSE	FALSE	FALSE
DU09-02S0000146	non_covid_viral	mapped_to_sample_key	none	43612911	19060	0.982895016058475	-14.6522716180188	18.0159895934748	FALSE	FALSE	FALSE	FALSE	FALSE
DU09-03S0000604	non_covid_viral	mapped_to_sample_key	none	50351794	21178	0.859715046015872	-19.3159428007511	-9.58158546320222	FALSE	FALSE	FALSE	FALSE	FALSE
DU09-03S0000611	non_covid_viral	mapped_to_sample_key	none	52172232	22431	0.993854666335291	-28.0565102249467	-0.000474621174272009	FALSE	FALSE	FALSE	FALSE	FALSE
DU09-03S0000632	non_covid_viral	mapped_to_sample_key	none	50037421	17806	1.29410464101244	-12.0281171298602	20.1932765493653	FALSE	FALSE	FALSE	FALSE	FALSE
DU09-03S0000774	non_covid_viral	mapped_to_sample_key	none	43639732	25902	1.50972111688853	-31.3141926875681	32.1302524302544	FALSE	FALSE	TRUE	TRUE	FALSE
DU09-03S0000775	non_covid_viral	mapped_to_sample_key	none	56439096	25397	0.959319622308682	-26.7497414264536	10.1885052603495	FALSE	FALSE	FALSE	FALSE	FALSE
DU09-03S19475	bacterial	mapped_to_sample_key	none	60654994	19586	1.07005757600472	-4.1122489732154	-51.8015467310873	FALSE	FALSE	FALSE	FALSE	FALSE
DU09-03S19478	non_covid_viral	mapped_to_sample_key	none	48547888	26655	1.39643533338285	-31.8459257376082	26.2396296676157	FALSE	FALSE	FALSE	FALSE	FALSE
DU09-03S19498	bacterial	mapped_to_sample_key	none	54908347	17038	0.835866305046605	30.5230912598988	-77.3962275764627	FALSE	FALSE	FALSE	FALSE	FALSE
DU10-01S0000032	non_covid_viral	mapped_to_sample_key	none	48975664	21260	0.722061657083328	-4.41157120725711	69.8644434368869	FALSE	FALSE	FALSE	FALSE	FALSE
DU10-01S0000709	non_covid_viral	mapped_to_sample_key	none	40459170	16693	1.0457815572429	5.40885708295626	17.3662312519706	FALSE	FALSE	FALSE	FALSE	FALSE
DU14-02S0000001	non_covid_viral	mapped_to_sample_key	none	42275083	19075	0.892839574273184	-8.78520458156466	49.0622341218709	FALSE	FALSE	FALSE	FALSE	FALSE
DU14-02S0000002	non_covid_viral	mapped_to_sample_key	none	49008580	21769	0.867644961025227	-14.5588953230327	57.5749773486937	FALSE	FALSE	FALSE	FALSE	FALSE
DU14-02S0000003	non_covid_viral	mapped_to_sample_key	none	42770028	17017	1.13283654536191	-6.16322225024396	44.6368545403703	FALSE	FALSE	FALSE	FALSE	FALSE
DU14-02S0000004	non_covid_viral	mapped_to_sample_key	none	39707051	15944	1.18464059509574	1.96237154806238	31.7468629425857	FALSE	FALSE	FALSE	FALSE	FALSE
DU14-02S0000005	non_covid_viral	mapped_to_sample_key	none	50847884	20900	1.01974057613854	-19.0673330330824	41.8729475783207	FALSE	FALSE	FALSE	FALSE	FALSE
DU14-02S0000006	non_covid_viral	mapped_to_sample_key	none	54106398	20103	0.901896995618238	-7.68923880339487	56.5110592656644	FALSE	FALSE	FALSE	FALSE	FALSE
DU14-02S0000007	non_covid_viral	mapped_to_sample_key	none	58959084	22509	1.14130086851502	-27.1426538680013	21.7828674784944	FALSE	FALSE	FALSE	FALSE	FALSE
DU14-02S0000008	non_covid_viral	mapped_to_sample_key	none	63761069	22168	1.01039282317193	-20.8522998809092	34.9366091665278	FALSE	FALSE	FALSE	FALSE	FALSE
DU14-02S0000009	non_covid_viral	mapped_to_sample_key	none	59001957	22153	1.00437024881818	-20.9046489848115	33.5769012879849	FALSE	FALSE	FALSE	FALSE	FALSE
DU14-03S0000878	non_covid_viral	mapped_to_sample_key	none	46411090	21999	1.12908773387136	-25.4874498936489	45.6008944193846	FALSE	FALSE	FALSE	FALSE	FALSE
DU14-03S0000889	non_covid_viral	mapped_to_sample_key	none	50661234	20770	0.986889160355911	-17.8960760817378	19.3685614394173	FALSE	FALSE	FALSE	FALSE	FALSE
