rna_id	group	metadata_status	caution_flags	library_size	detected_genes_count_gt0
00943	non_covid_viral	mapped_to_sample_key	none	46205680	20361
105791	non_covid_viral	mapped_to_sample_key	none	28647415	24540
105824	non_covid_viral	mapped_to_sample_key	none	41811884	16213
105834	non_covid_viral	mapped_to_sample_key	none	46207409	23104
105841	non_covid_viral	mapped_to_sample_key	none	61082057	23104
105842	non_covid_viral	mapped_to_sample_key	none	52756032	18031
105847	non_covid_viral	mapped_to_sample_key	none	52664859	18622
105848	non_covid_viral	mapped_to_sample_key	none	38408223	14453
105853	non_covid_viral	mapped_to_sample_key	none	51179077	22573
105861	non_covid_viral	mapped_to_sample_key	none	47220758	17656
105920	non_covid_viral	mapped_to_sample_key	none	53276313	23714
105927	non_covid_viral	mapped_to_sample_key	none	67794430	18446
105929	non_covid_viral	mapped_to_sample_key	none	50213182	19982
234301	non_covid_viral	mapped_to_sample_key	none	55646663	22535
234326	non_covid_viral	mapped_to_sample_key	none	40821453	20300
234330	non_covid_viral	mapped_to_sample_key	none	62653611	18208
234376	non_covid_viral	mapped_to_sample_key	none	64543800	18417
234377	non_covid_viral	mapped_to_sample_key	none	41763770	16441
234432	non_covid_viral	mapped_to_sample_key	none	36945135	16459
234435	non_covid_viral	mapped_to_sample_key	none	54000246	20637
434294	non_covid_viral	mapped_to_sample_key	none	53223902	25234
434316	non_covid_viral	mapped_to_sample_key	none	57165534	23818
434323	non_covid_viral	mapped_to_sample_key	none	62366818	14715
434325	non_covid_viral	mapped_to_sample_key	none	130001160	17025
434330	non_covid_viral	mapped_to_sample_key	none	32429665	23034
434333	non_covid_viral	mapped_to_sample_key	none	57744837	23654
434335	non_covid_viral	mapped_to_sample_key	none	42697511	22543
434393	non_covid_viral	mapped_to_sample_key	none	53565193	21128
434399	non_covid_viral	mapped_to_sample_key	none	53471516	21901
434482	non_covid_viral	mapped_to_counts_key_only	counts_key_only_not_in_sample_key	40986006	11320
434486	non_covid_viral	mapped_to_sample_key	none	49141014	23450
434517	non_covid_viral	mapped_to_sample_key	none	50965258	21634
434518	non_covid_viral	mapped_to_sample_key	none	56728525	20198
434532	non_covid_viral	mapped_to_sample_key	none	43367078	21966
434537	non_covid_viral	mapped_to_sample_key	none	51114778	22250
434557	non_covid_viral	mapped_to_sample_key	none	52987709	21132
434567	non_covid_viral	mapped_to_sample_key	none	46724753	23231
434570	non_covid_viral	mapped_to_sample_key	none	48457216	22629
434596	non_covid_viral	mapped_to_sample_key	none	16320748	26834
434597	non_covid_viral	mapped_to_sample_key	none	46090447	17038
434602	non_covid_viral	mapped_to_sample_key	none	46587103	26991
434619	non_covid_viral	mapped_to_sample_key	none	44264885	22050
434735	non_covid_viral	mapped_to_sample_key	none	43299067	13552
434740	non_covid_viral	mapped_to_sample_key	none	54715374	21661
434741	non_covid_viral	mapped_to_counts_key_only	counts_key_only_not_in_sample_key	1632403	12621
434756	non_covid_viral	mapped_to_sample_key	none	61427755	23213
434757	non_covid_viral	mapped_to_sample_key	none	40713763	15699
434766	non_covid_viral	mapped_to_sample_key	none	38642809	20335
434768	non_covid_viral	mapped_to_sample_key	none	40238248	21191
434777	non_covid_viral	mapped_to_sample_key	none	20302169	22370
434794	non_covid_viral	mapped_to_sample_key	none	35057445	25404
434809	non_covid_viral	mapped_to_sample_key	none	55622527	23074
434859	non_covid_viral	mapped_to_sample_key	none	29168715	20668
94189	bacterial	mapped_to_sample_key	none	52431553	16897
94478	bacterial	mapped_to_counts_key_only	counts_key_only_not_in_sample_key	9403540	5332
94486	bacterial	mapped_to_sample_key	none	42066586	22251
95967	bacterial	mapped_to_sample_key	none	52712744	14695
95968	bacterial	mapped_to_sample_key	none	61786032	23696
95969	bacterial	mapped_to_sample_key	none	50492333	19216
95970	bacterial	mapped_to_sample_key	none	50177045	19153
95971	bacterial	mapped_to_sample_key	none	41616079	26184
95981	bacterial	mapped_to_sample_key	none	55528914	27451
95982	bacterial	mapped_to_sample_key	none	62144581	23621
95986	bacterial	mapped_to_sample_key	none	52878262	23012
95994	bacterial	mapped_to_sample_key	none	62476657	24518
95996	bacterial	mapped_to_sample_key	none	53271556	24699
95997	bacterial	mapped_to_sample_key	none	54621332	24891
96004	bacterial	mapped_to_sample_key	none	51797658	18298
97389	bacterial	mapped_to_sample_key	none	43369991	16008
97392	bacterial	mapped_to_sample_key	none	43163934	17444
97394	bacterial	mapped_to_sample_key	none	40199836	16030
97395	bacterial	mapped_to_sample_key	none	52605704	16530
97403	bacterial	mapped_to_sample_key	none	65802042	19342
97406	bacterial	mapped_to_sample_key	none	46299125	21235
97407	bacterial	mapped_to_sample_key	none	53783705	22784
DU09-02S0000141	non_covid_viral	mapped_to_sample_key	none	54713376	17793
DU09-02S0000142	non_covid_viral	mapped_to_sample_key	none	43059798	16640
DU09-02S0000143	non_covid_viral	mapped_to_sample_key	none	51484463	17070
DU09-02S0000144	non_covid_viral	mapped_to_sample_key	none	56834872	13567
DU09-02S0000145	non_covid_viral	mapped_to_sample_key	none	60740358	22660
DU09-02S0000146	non_covid_viral	mapped_to_sample_key	none	43612911	19060
DU09-03S0000604	non_covid_viral	mapped_to_sample_key	none	50351794	21178
DU09-03S0000611	non_covid_viral	mapped_to_sample_key	none	52172232	22431
DU09-03S0000632	non_covid_viral	mapped_to_sample_key	none	50037421	17806
DU09-03S0000774	non_covid_viral	mapped_to_sample_key	none	43639732	25902
DU09-03S0000775	non_covid_viral	mapped_to_sample_key	none	56439096	25397
DU09-03S19475	bacterial	mapped_to_sample_key	none	60654994	19586
DU09-03S19478	non_covid_viral	mapped_to_sample_key	none	48547888	26655
DU09-03S19498	bacterial	mapped_to_sample_key	none	54908347	17038
DU10-01S0000032	non_covid_viral	mapped_to_sample_key	none	48975664	21260
DU10-01S0000709	non_covid_viral	mapped_to_sample_key	none	40459170	16693
DU14-02S0000001	non_covid_viral	mapped_to_sample_key	none	42275083	19075
DU14-02S0000002	non_covid_viral	mapped_to_sample_key	none	49008580	21769
DU14-02S0000003	non_covid_viral	mapped_to_sample_key	none	42770028	17017
DU14-02S0000004	non_covid_viral	mapped_to_sample_key	none	39707051	15944
DU14-02S0000005	non_covid_viral	mapped_to_sample_key	none	50847884	20900
DU14-02S0000006	non_covid_viral	mapped_to_sample_key	none	54106398	20103
DU14-02S0000007	non_covid_viral	mapped_to_sample_key	none	58959084	22509
DU14-02S0000008	non_covid_viral	mapped_to_sample_key	none	63761069	22168
DU14-02S0000009	non_covid_viral	mapped_to_sample_key	none	59001957	22153
DU14-03S0000878	non_covid_viral	mapped_to_sample_key	none	46411090	21999
DU14-03S0000889	non_covid_viral	mapped_to_sample_key	none	50661234	20770
