requested_entrez	probe_id	requested_symbol	module_memberships	mapping_rules	rescued_by_entrez	candidate_probe_count	platform_symbol	platform_entrez	platform_ilmn_gene	all_sample_mean_expression	all_sample_median_expression	all_sample_expression_variance	all_sample_expression_sd	all_sample_minimum_expression	all_sample_maximum_expression	primary_rule_top_median	primary_rule_median_tie	primary_rule_tie_count	variance_rule_top_variance	variance_rule_tie	variance_rule_tie_count	selection_rule
57007	ILMN_1798360	ACKR3	VIR_M2	EXACT_ENTREZ_HISTORICAL_OR_ALTERNATE_SYMBOL	TRUE	2	CXCR7	57007	CXCR7	6.43301516713014	6.3785237495	0.0774575808801816	0.278312020725267	5.80558358	7.300496112	6.3785237495	TRUE	1	0.0774575808801816	TRUE	1	Highest variance across all 146 samples; lexicographically smallest probe ID for exact ties
59	ILMN_1671703	ACTA2	VIR_M1a	EXACT_ENTREZ_WITH_EXACT_SYMBOL_SUPPORT	FALSE	1	ACTA2	59	ACTA2	7.8376118709589	7.833043507	0.605151195866906	0.777914645617953	5.905875447	10.01615426	7.833043507	TRUE	1	0.605151195866906	TRUE	1	Highest variance across all 146 samples; lexicographically smallest probe ID for exact ties
575	ILMN_1729529	ADGRB1	VIR_M1a	EXACT_ENTREZ_HISTORICAL_OR_ALTERNATE_SYMBOL	TRUE	4	BAI1	575	BAI1	5.97631615760274	5.995753761	0.0195509202876653	0.13982460544434	5.542579491	6.635404597	5.995753761	TRUE	1	0.0195509202876653	TRUE	1	Highest variance across all 146 samples; lexicographically smallest probe ID for exact ties
326	ILMN_2261519	AIRE	VIR_M2	EXACT_ENTREZ_WITH_EXACT_SYMBOL_SUPPORT	FALSE	3	AIRE	326	AIRE	11.9835745270548	11.991846635	0.148579323601384	0.385459885852451	10.95822964	13.01738108	11.991846635	TRUE	1	0.148579323601384	TRUE	1	Highest variance across all 146 samples; lexicographically smallest probe ID for exact ties
9582	ILMN_2219466	APOBEC3B	VIR_M1a	EXACT_ENTREZ_WITH_EXACT_SYMBOL_SUPPORT	FALSE	1	APOBEC3B	9582	APOBEC3B	6.14649124817123	6.1318542415	0.0795069358436498	0.281969742780409	5.532796934	7.099127909	6.1318542415	TRUE	1	0.0795069358436498	TRUE	1	Highest variance across all 146 samples; lexicographically smallest probe ID for exact ties
200316	ILMN_2296950	APOBEC3F	VIR_M1a;VIR_M1b	EXACT_ENTREZ_WITH_EXACT_SYMBOL_SUPPORT	FALSE	4	APOBEC3F	200316	APOBEC3F	7.30479982407534	7.2473279915	0.184768144506427	0.429846652315016	6.142499484	8.353697025	7.2473279915	TRUE	1	0.184768144506427	TRUE	1	Highest variance across all 146 samples; lexicographically smallest probe ID for exact ties
164668	ILMN_1664828	APOBEC3H	VIR_M1a	EXACT_ENTREZ_WITH_EXACT_SYMBOL_SUPPORT	FALSE	1	APOBEC3H	164668	APOBEC3H	6.33830235956849	6.2526991435	0.0985723301067922	0.313962306824867	5.747018147	7.412811653	6.2526991435	TRUE	1	0.0985723301067922	TRUE	1	Highest variance across all 146 samples; lexicographically smallest probe ID for exact ties
481	ILMN_1730291	ATP1B1	VIR_M1a	EXACT_ENTREZ_WITH_EXACT_SYMBOL_SUPPORT	FALSE	3	ATP1B1	481	ATP1B1	6.07626375739041	6.1146184085	0.0243265422475014	0.155969683744955	5.642698845	6.637640709	6.2306481195	FALSE	1	0.0243265422475014	TRUE	1	Highest variance across all 146 samples; lexicographically smallest probe ID for exact ties
498	ILMN_2341363	ATP5F1A	BACT_M2	EXACT_ENTREZ_HISTORICAL_OR_ALTERNATE_SYMBOL	TRUE	2	ATP5A1	498	ATP5A1	10.9895068593425	10.979470265	0.182580142204591	0.427293976326125	9.714996622	12.02910012	11.244324385	FALSE	1	0.182580142204591	TRUE	1	Highest variance across all 146 samples; lexicographically smallest probe ID for exact ties
521	ILMN_1726603	ATP5ME	BACT_M2	EXACT_ENTREZ_HISTORICAL_OR_ALTERNATE_SYMBOL	TRUE	3	ATP5I	521	ATP5I	10.0271742969384	9.969166049	0.541313703785408	0.735740242059253	8.472712403	12.16441128	9.969166049	TRUE	1	0.541313703785408	TRUE	1	Highest variance across all 146 samples; lexicographically smallest probe ID for exact ties
9551	ILMN_2310621	ATP5MF	BACT_M2	EXACT_ENTREZ_HISTORICAL_OR_ALTERNATE_SYMBOL	TRUE	2	ATP5J2	9551	ATP5J2	9.4770770764863	9.50998724	0.194166374308169	0.440643137139532	8.335752374	10.75970153	9.50998724	TRUE	1	0.194166374308169	TRUE	1	Highest variance across all 146 samples; lexicographically smallest probe ID for exact ties
558	ILMN_2364521	AXL	VIR_M1a	EXACT_ENTREZ_WITH_EXACT_SYMBOL_SUPPORT	FALSE	2	AXL	558	AXL	6.03663328828082	6.0000838655	0.0695869719897528	0.263793426737197	5.632613813	7.502980393	6.0000838655	TRUE	1	0.0695869719897528	TRUE	1	Highest variance across all 146 samples; lexicographically smallest probe ID for exact ties
64343	ILMN_1733680	AZI2	VIR_M1a;VIR_M1b	EXACT_ENTREZ_WITH_EXACT_SYMBOL_SUPPORT	FALSE	1	AZI2	64343	AZI2	6.75400669830822	6.7058752865	0.12806197289559	0.357857475673752	6.119889058	7.928741287	6.7058752865	TRUE	1	0.12806197289559	TRUE	1	Highest variance across all 146 samples; lexicographically smallest probe ID for exact ties
596	ILMN_2246956	BCL2	VIR_M1a	EXACT_ENTREZ_WITH_EXACT_SYMBOL_SUPPORT	FALSE	4	BCL2	596	BCL2	7.76421646059589	7.784811615	0.382450510814014	0.6184258329129	6.46759496	9.475529166	7.784811615	TRUE	1	0.382450510814014	TRUE	1	Highest variance across all 146 samples; lexicographically smallest probe ID for exact ties
640	ILMN_1668277	BLK	VIR_M1a	EXACT_ENTREZ_WITH_EXACT_SYMBOL_SUPPORT	FALSE	1	BLK	640	BLK	8.00989971618493	8.072631763	0.454333401427731	0.674042581316441	6.546885564	9.760855132	8.072631763	TRUE	1	0.454333401427731	TRUE	1	Highest variance across all 146 samples; lexicographically smallest probe ID for exact ties
654	ILMN_1747650	BMP6	VIR_M2	EXACT_ENTREZ_WITH_EXACT_SYMBOL_SUPPORT	FALSE	1	BMP6	654	BMP6	6.38681309345206	6.3153029055	0.0905311178253947	0.300883894260552	5.802431238	7.491280905	6.3153029055	TRUE	1	0.0905311178253947	TRUE	1	Highest variance across all 146 samples; lexicographically smallest probe ID for exact ties
657	ILMN_2095577	BMPR1A	VIR_M2	EXACT_ENTREZ_WITH_EXACT_SYMBOL_SUPPORT	FALSE	2	BMPR1A	657	BMPR1A	5.8902965890411	5.9054400555	0.0179117939404158	0.133834950369535	5.54862038	6.277336676	6.093692378	FALSE	1	0.0179117939404158	TRUE	1	Highest variance across all 146 samples; lexicographically smallest probe ID for exact ties
665	ILMN_1718961	BNIP3L	VIR_M1a	EXACT_ENTREZ_WITH_EXACT_SYMBOL_SUPPORT	FALSE	2	BNIP3L	665	BNIP3L	8.94721962695891	8.5249448305	1.6955601540651	1.30213676473138	6.795995336	12.80275918	8.5249448305	TRUE	1	1.6955601540651	TRUE	1	Highest variance across all 146 samples; lexicographically smallest probe ID for exact ties
11120	ILMN_2364852	BTN2A1	VIR_M2	EXACT_ENTREZ_WITH_EXACT_SYMBOL_SUPPORT	FALSE	2	BTN2A1	11120	BTN2A1	8.41307286623288	8.4438183595	0.314638455800429	0.560926426370188	6.677564609	9.710200572	8.4438183595	TRUE	1	0.314638455800429	TRUE	1	Highest variance across all 146 samples; lexicographically smallest probe ID for exact ties
10385	ILMN_2256894	BTN2A2	VIR_M2	EXACT_ENTREZ_WITH_EXACT_SYMBOL_SUPPORT	FALSE	2	BTN2A2	10385	BTN2A2	6.00500369571233	6.0367452215	0.0187712584233982	0.137008242173229	5.604235234	6.247684531	6.2512318605	FALSE	1	0.0187712584233982	TRUE	1	Highest variance across all 146 samples; lexicographically smallest probe ID for exact ties
54718	ILMN_1721813	BTN2A3P	VIR_M2	EXACT_ENTREZ_HISTORICAL_OR_ALTERNATE_SYMBOL	TRUE	1	BTN2A3	54718	BTN2A3	5.80923574770548	5.7909341495	0.0134018492624584	0.115766356349582	5.434689303	6.140998771	5.7909341495	TRUE	1	0.0134018492624584	TRUE	1	Highest variance across all 146 samples; lexicographically smallest probe ID for exact ties
11119	ILMN_1802708	BTN3A1	VIR_M2	EXACT_ENTREZ_WITH_EXACT_SYMBOL_SUPPORT	FALSE	2	BTN3A1	11119	BTN3A1	8.14189685015069	8.1913783965	0.391862771596207	0.625989434093106	6.675043072	9.583625575	8.1913783965	TRUE	1	0.391862771596207	TRUE	1	Highest variance across all 146 samples; lexicographically smallest probe ID for exact ties
717	ILMN_1710740	C2	VIR_M1a	EXACT_ENTREZ_WITH_EXACT_SYMBOL_SUPPORT	FALSE	1	C2	717	C2	6.28631382688356	6.1950881985	0.0718457280563097	0.268040534353127	5.75260705	7.589300277	6.1950881985	TRUE	1	0.0718457280563097	TRUE	1	Highest variance across all 146 samples; lexicographically smallest probe ID for exact ties
64170	ILMN_1712532	CARD9	VIR_M1a;VIR_M2	EXACT_ENTREZ_WITH_EXACT_SYMBOL_SUPPORT	FALSE	1	CARD9	64170	CARD9	7.50884254116438	7.5047268655	0.193423254803039	0.439799107324059	6.431978433	8.946672874	7.5047268655	TRUE	1	0.193423254803039	TRUE	1	Highest variance across all 146 samples; lexicographically smallest probe ID for exact ties
841	ILMN_1673757	CASP8	VIR_M2	EXACT_ENTREZ_WITH_EXACT_SYMBOL_SUPPORT	FALSE	5	CASP8	841	CASP8	6.50233340943151	6.435945578	0.0817564308746507	0.285930814839273	5.875119626	7.480009915	6.435945578	TRUE	1	0.0817564308746507	TRUE	1	Highest variance across all 146 samples; lexicographically smallest probe ID for exact ties
847	ILMN_1651705	CAT	BACT_M2	EXACT_ENTREZ_WITH_EXACT_SYMBOL_SUPPORT	FALSE	2	CAT	847	CAT	9.20831012007534	9.1563273015	0.468467845523244	0.684447109368754	7.643078904	11.147007	9.1563273015	TRUE	1	0.468467845523244	TRUE	1	Highest variance across all 146 samples; lexicographically smallest probe ID for exact ties
868	ILMN_1685580	CBLB	VIR_M2	EXACT_ENTREZ_WITH_EXACT_SYMBOL_SUPPORT	FALSE	1	CBLB	868	CBLB	8.20326484628082	8.211643281	0.411214670935026	0.641260220920514	6.77177336	10.71394352	8.211643281	TRUE	1	0.411214670935026	TRUE	1	Highest variance across all 146 samples; lexicographically smallest probe ID for exact ties
56477	ILMN_2228845	CCL28	VIR_M2	EXACT_ENTREZ_WITH_EXACT_SYMBOL_SUPPORT	FALSE	3	CCL28	56477	CCL28	6.02027026992466	6.0609393195	0.0151816665324907	0.123213905597099	5.571171126	6.260587607	6.1905413785	FALSE	1	0.0151816665324907	TRUE	1	Highest variance across all 146 samples; lexicographically smallest probe ID for exact ties
6355	ILMN_1772964	CCL8	VIR_M1a	EXACT_ENTREZ_WITH_EXACT_SYMBOL_SUPPORT	FALSE	1	CCL8	6355	CCL8	6.49136821865069	6.105062017	1.25623603789467	1.12081936006417	5.649009673	11.8908806	6.105062017	TRUE	1	1.25623603789467	TRUE	1	Highest variance across all 146 samples; lexicographically smallest probe ID for exact ties
1230	ILMN_1678833	CCR1	VIR_M2	EXACT_ENTREZ_WITH_EXACT_SYMBOL_SUPPORT	FALSE	1	CCR1	1230	CCR1	8.51279156520548	8.504277685	0.689474464086939	0.830345990588826	6.649958577	10.35561846	8.504277685	TRUE	1	0.689474464086939	TRUE	1	Highest variance across all 146 samples; lexicographically smallest probe ID for exact ties
1232	ILMN_1763322	CCR3	VIR_M2	EXACT_ENTREZ_WITH_EXACT_SYMBOL_SUPPORT	FALSE	2	CCR3	1232	CCR3	7.02284654985617	6.9431633855	0.627024079522719	0.791848520566098	5.873733778	9.474886952	6.9431633855	TRUE	1	0.627024079522719	TRUE	1	Highest variance across all 146 samples; lexicographically smallest probe ID for exact ties
1233	ILMN_2086143	CCR4	VIR_M2	EXACT_ENTREZ_WITH_EXACT_SYMBOL_SUPPORT	FALSE	1	CCR4	1233	CCR4	5.93611188350685	5.9583057685	0.0267439525914152	0.163535783825483	5.462524175	6.184940627	5.9583057685	TRUE	1	0.0267439525914152	TRUE	1	Highest variance across all 146 samples; lexicographically smallest probe ID for exact ties
1234	ILMN_2145033	CCR5	VIR_M2	EXACT_ENTREZ_WITH_EXACT_SYMBOL_SUPPORT	FALSE	2	CCR5	1234	CCR5	5.99365195691781	6.0148344385	0.0183150275371369	0.135333024562141	5.505951766	6.326037745	6.0148344385	TRUE	1	0.0183150275371369	TRUE	1	Highest variance across all 146 samples; lexicographically smallest probe ID for exact ties
1235	ILMN_1690907	CCR6	VIR_M2	EXACT_ENTREZ_WITH_EXACT_SYMBOL_SUPPORT	FALSE	3	CCR6	1235	CCR6	7.84860570222603	7.798099416	0.465397433344958	0.682200434875966	6.456285509	9.403662517	13.13694687	FALSE	1	0.465397433344958	TRUE	1	Highest variance across all 146 samples; lexicographically smallest probe ID for exact ties
1236	ILMN_1715131	CCR7	VIR_M2	EXACT_ENTREZ_WITH_EXACT_SYMBOL_SUPPORT	FALSE	1	CCR7	1236	CCR7	10.1619044489178	10.18743138	0.832194396426812	0.912246894446242	7.524138081	12.06030832	10.18743138	TRUE	1	0.832194396426812	TRUE	1	Highest variance across all 146 samples; lexicographically smallest probe ID for exact ties
10803	ILMN_2337386	CCR9	VIR_M2	EXACT_ENTREZ_WITH_EXACT_SYMBOL_SUPPORT	FALSE	2	CCR9	10803	CCR9	6.12146288900685	6.1331452905	0.0456563383964988	0.213673438678042	5.567536176	6.823888609	6.1331452905	TRUE	1	0.0456563383964988	TRUE	1	Highest variance across all 146 samples; lexicographically smallest probe ID for exact ties
11126	ILMN_1742001	CD160	VIR_M1a	EXACT_ENTREZ_WITH_EXACT_SYMBOL_SUPPORT	FALSE	1	CD160	11126	CD160	6.32724193939726	6.2096576925	0.147010855841454	0.383419947109503	5.77394026	7.929412405	6.2096576925	TRUE	1	0.147010855841454	TRUE	1	Highest variance across all 146 samples; lexicographically smallest probe ID for exact ties
8763	ILMN_1783852	CD164	VIR_M2	EXACT_ENTREZ_WITH_EXACT_SYMBOL_SUPPORT	FALSE	1	CD164	8763	CD164	6.49293741810274	6.46360656	0.0668792218072775	0.258610173441181	5.787863085	7.317402019	6.46360656	TRUE	1	0.0668792218072775	TRUE	1	Highest variance across all 146 samples; lexicographically smallest probe ID for exact ties
912	ILMN_1719433	CD1D	VIR_M1a;VIR_M2	EXACT_ENTREZ_WITH_EXACT_SYMBOL_SUPPORT	FALSE	2	CD1D	912	CD1D	7.85834808134247	7.9028132765	0.364997871298303	0.604150536951101	5.897597982	9.546068379	7.9028132765	TRUE	1	0.364997871298303	TRUE	1	Highest variance across all 146 samples; lexicographically smallest probe ID for exact ties
958	ILMN_1779257	CD40	VIR_M1a	EXACT_ENTREZ_WITH_EXACT_SYMBOL_SUPPORT	FALSE	2	CD40	958	CD40	6.50874886376712	6.4802504895	0.103305504201061	0.321411736252833	5.550539125	7.670647062	6.4802504895	TRUE	1	0.103305504201061	TRUE	1	Highest variance across all 146 samples; lexicographically smallest probe ID for exact ties
941	ILMN_1716736	CD80	VIR_M2	EXACT_ENTREZ_WITH_EXACT_SYMBOL_SUPPORT	FALSE	1	CD80	941	CD80	5.94391638138356	5.97178377	0.0198996938581603	0.141066274701504	5.548189851	6.199660226	5.97178377	TRUE	1	0.0198996938581603	TRUE	1	Highest variance across all 146 samples; lexicographically smallest probe ID for exact ties
10225	ILMN_2415786	CD96	VIR_M2	EXACT_ENTREZ_WITH_EXACT_SYMBOL_SUPPORT	FALSE	2	CD96	10225	CD96	8.21057127519178	8.2222081285	0.553956188200721	0.744282330974423	6.428217959	9.748980323	8.2222081285	TRUE	1	0.553956188200721	TRUE	1	Highest variance across all 146 samples; lexicographically smallest probe ID for exact ties
1021	ILMN_1802615	CDK6	VIR_M1a	EXACT_ENTREZ_WITH_EXACT_SYMBOL_SUPPORT	FALSE	1	CDK6	1021	CDK6	7.21603165808904	7.267569543	0.204295652321077	0.451990765747573	6.368812701	8.57540395	7.267569543	TRUE	1	0.204295652321077	TRUE	1	Highest variance across all 146 samples; lexicographically smallest probe ID for exact ties
10462	ILMN_2415303	CLEC10A	VIR_M1a	EXACT_ENTREZ_WITH_EXACT_SYMBOL_SUPPORT	FALSE	3	CLEC10A	10462	CLEC10A	6.2011807759726	6.1578535405	0.0497739869322472	0.223100844759152	5.659429828	7.286841402	6.1578535405	TRUE	1	0.0497739869322472	TRUE	1	Highest variance across all 146 samples; lexicographically smallest probe ID for exact ties
1240	ILMN_1673030	CMKLR1	VIR_M2	EXACT_ENTREZ_WITH_EXACT_SYMBOL_SUPPORT	FALSE	1	CMKLR1	1240	CMKLR1	6.2103209994589	6.1435028455	0.0744762824933935	0.272903430710194	5.804349737	7.353889096	6.1435028455	TRUE	1	0.0744762824933935	TRUE	1	Highest variance across all 146 samples; lexicographically smallest probe ID for exact ties
1380	ILMN_2369666	CR2	VIR_M2	EXACT_ENTREZ_WITH_EXACT_SYMBOL_SUPPORT	FALSE	3	CR2	1380	CR2	6.36182000204795	6.3610282685	0.05848251176341	0.241831577266928	5.747074228	7.117410591	6.3610282685	TRUE	1	0.05848251176341	TRUE	1	Highest variance across all 146 samples; lexicographically smallest probe ID for exact ties
58487	ILMN_1784847	CREBZF	VIR_M1a	EXACT_ENTREZ_WITH_EXACT_SYMBOL_SUPPORT	FALSE	1	CREBZF	58487	CREBZF	6.22534161500685	6.220460872	0.0222501391565595	0.149164805354881	5.726320043	6.645472476	6.220460872	TRUE	1	0.0222501391565595	TRUE	1	Highest variance across all 146 samples; lexicographically smallest probe ID for exact ties
1435	ILMN_2302947	CSF1	VIR_M1a	EXACT_ENTREZ_WITH_EXACT_SYMBOL_SUPPORT	FALSE	3	CSF1	1435	CSF1	5.71064400413699	5.7176756615	0.0196732996906212	0.140261540311738	5.239725869	6.035792389	5.922732855	FALSE	1	0.0196732996906212	TRUE	1	Highest variance across all 146 samples; lexicographically smallest probe ID for exact ties
1514	ILMN_2374036	CTSL	VIR_M2	EXACT_ENTREZ_HISTORICAL_OR_ALTERNATE_SYMBOL	TRUE	3	CTSL1	1514	CTSL1	7.47993957968493	7.416407898	0.668972469693792	0.817907372319013	6.117130805	9.616309302	7.433952966	FALSE	1	0.668972469693792	TRUE	1	Highest variance across all 146 samples; lexicographically smallest probe ID for exact ties
643	ILMN_2337928	CXCR5	VIR_M2	EXACT_ENTREZ_WITH_EXACT_SYMBOL_SUPPORT	FALSE	3	CXCR5	643	CXCR5	8.07759876315068	8.1087731785	0.568672854059551	0.754104007454907	6.469265459	9.687563751	8.1087731785	TRUE	1	0.568672854059551	TRUE	1	Highest variance across all 146 samples; lexicographically smallest probe ID for exact ties
57105	ILMN_1773204	CYSLTR2	VIR_M2	EXACT_ENTREZ_WITH_EXACT_SYMBOL_SUPPORT	FALSE	1	CYSLTR2	57105	CYSLTR2	5.89617682941096	5.9131507715	0.0203324806699342	0.142592007735126	5.427063618	6.139745577	5.9131507715	TRUE	1	0.0203324806699342	TRUE	1	Highest variance across all 146 samples; lexicographically smallest probe ID for exact ties
10521	ILMN_1675124	DDX17	VIR_M1a	EXACT_ENTREZ_WITH_EXACT_SYMBOL_SUPPORT	FALSE	3	DDX17	10521	DDX17	8.76100492642466	8.781524467	0.620075383240098	0.78744865435157	6.852575362	11.34965066	9.38906371	FALSE	1	0.620075383240098	TRUE	1	Highest variance across all 146 samples; lexicographically smallest probe ID for exact ties
9188	ILMN_1735461	DDX21	VIR_M1a	EXACT_ENTREZ_WITH_EXACT_SYMBOL_SUPPORT	FALSE	1	DDX21	9188	DDX21	7.99404112120548	8.0183419185	0.213073274739157	0.461598607817612	6.895651159	9.267628094	8.0183419185	TRUE	1	0.213073274739157	TRUE	1	Highest variance across all 146 samples; lexicographically smallest probe ID for exact ties
1654	ILMN_1794392	DDX3X	VIR_M1a;VIR_M1b	EXACT_ENTREZ_WITH_EXACT_SYMBOL_SUPPORT	FALSE	2	DDX3X	1654	DDX3X	9.34037866027397	9.4184411585	0.284084250410274	0.532995544456306	7.170092263	10.20779488	9.4184411585	TRUE	1	0.284084250410274	TRUE	1	Highest variance across all 146 samples; lexicographically smallest probe ID for exact ties
55601	ILMN_1795181	DDX60	VIR_M1a	EXACT_ENTREZ_WITH_EXACT_SYMBOL_SUPPORT	FALSE	1	DDX60	55601	DDX60	7.26887634077397	7.158817507	0.697310426027222	0.835051151742947	6.00477046	9.163999756	7.158817507	TRUE	1	0.697310426027222	TRUE	1	Highest variance across all 146 samples; lexicographically smallest probe ID for exact ties
1672	ILMN_1686573	DEFB1	VIR_M1a;VIR_M2	EXACT_ENTREZ_WITH_EXACT_SYMBOL_SUPPORT	FALSE	1	DEFB1	1672	DEFB1	6.13380502176712	6.0162290905	0.363290492320262	0.602735839585023	5.634450063	9.677211643	6.0162290905	TRUE	1	0.363290492320262	TRUE	1	Highest variance across all 146 samples; lexicographically smallest probe ID for exact ties
79132	ILMN_1678422	DHX58	VIR_M1a	EXACT_ENTREZ_WITH_EXACT_SYMBOL_SUPPORT	FALSE	1	DHX58	79132	DHX58	7.28206635492466	6.920298322	0.869109626208126	0.932260492677946	6.126229319	10.55578772	6.920298322	TRUE	1	0.869109626208126	TRUE	1	Highest variance across all 146 samples; lexicographically smallest probe ID for exact ties
151636	ILMN_1784380	DTX3L	VIR_M1a	EXACT_ENTREZ_WITH_EXACT_SYMBOL_SUPPORT	FALSE	1	DTX3L	151636	DTX3L	6.48564149389041	6.4026804975	0.118048075111669	0.343581249650892	5.896842679	7.602409419	6.4026804975	TRUE	1	0.118048075111669	TRUE	1	Highest variance across all 146 samples; lexicographically smallest probe ID for exact ties
5610	ILMN_1706502	EIF2AK2	VIR_M1a;VIR_M1b	EXACT_ENTREZ_WITH_EXACT_SYMBOL_SUPPORT	FALSE	1	EIF2AK2	5610	EIF2AK2	10.1747712692466	10.11177749	1.11314668186409	1.05505766755381	8.254828472	12.4544258	10.11177749	TRUE	1	1.11314668186409	TRUE	1	Highest variance across all 146 samples; lexicographically smallest probe ID for exact ties
1979	ILMN_1728083	EIF4EBP2	BACT_M1	EXACT_ENTREZ_WITH_EXACT_SYMBOL_SUPPORT	FALSE	1	EIF4EBP2	1979	EIF4EBP2	8.24339392005479	8.183865873	0.144931991258486	0.38069934496724	7.473357751	9.41336332	8.183865873	TRUE	1	0.144931991258486	TRUE	1	Highest variance across all 146 samples; lexicographically smallest probe ID for exact ties
1997	ILMN_1664010	ELF1	VIR_M2	EXACT_ENTREZ_WITH_EXACT_SYMBOL_SUPPORT	FALSE	1	ELF1	1997	ELF1	9.81954629493836	9.79833636	0.376432409211298	0.61354087819093	7.686456016	11.71541738	9.79833636	TRUE	1	0.376432409211298	TRUE	1	Highest variance across all 146 samples; lexicographically smallest probe ID for exact ties
23052	ILMN_1699022	ENDOD1	VIR_M1a	EXACT_ENTREZ_WITH_EXACT_SYMBOL_SUPPORT	FALSE	1	ENDOD1	23052	ENDOD1	6.63236950406164	6.576309099	0.107974774049966	0.328595152200951	6.111885998	7.920144521	6.576309099	TRUE	1	0.107974774049966	TRUE	1	Highest variance across all 146 samples; lexicographically smallest probe ID for exact ties
5167	ILMN_1700888	ENPP1	VIR_M2	EXACT_ENTREZ_WITH_EXACT_SYMBOL_SUPPORT	FALSE	1	ENPP1	5167	ENPP1	6.13188084734247	6.126395471	0.00922017434704047	0.0960217389294761	5.889217256	6.640189903	6.126395471	TRUE	1	0.00922017434704047	TRUE	1	Highest variance across all 146 samples; lexicographically smallest probe ID for exact ties
114625	ILMN_1715013	ERMAP	VIR_M2	EXACT_ENTREZ_WITH_EXACT_SYMBOL_SUPPORT	FALSE	2	ERMAP	114625	ERMAP	6.62025208758219	6.4854519745	0.199247618731765	0.446371615060551	5.948442865	8.294552242	6.4854519745	TRUE	1	0.199247618731765	TRUE	1	Highest variance across all 146 samples; lexicographically smallest probe ID for exact ties
2113	ILMN_2122103	ETS1	VIR_M2	EXACT_ENTREZ_WITH_EXACT_SYMBOL_SUPPORT	FALSE	2	ETS1	2113	ETS1	9.65375831868493	9.712720116	0.73811924002165	0.859138661696498	7.208894077	11.16139402	10.721331895	FALSE	1	0.73811924002165	TRUE	1	Highest variance across all 146 samples; lexicographically smallest probe ID for exact ties
5393	ILMN_1721713	EXOSC9	VIR_M2	EXACT_ENTREZ_WITH_EXACT_SYMBOL_SUPPORT	FALSE	2	EXOSC9	5393	EXOSC9	6.92710196244521	6.913298713	0.074944625655148	0.273760160825398	6.318928174	7.977557862	6.913298713	TRUE	1	0.074944625655148	TRUE	1	Highest variance across all 146 samples; lexicographically smallest probe ID for exact ties
63901	ILMN_2410038	FAM111A	VIR_M1b	EXACT_ENTREZ_WITH_EXACT_SYMBOL_SUPPORT	FALSE	2	FAM111A	63901	FAM111A	8.7707756985	8.754707192	0.254278244631255	0.504260096211524	7.347481577	9.983325246	8.754707192	TRUE	1	0.254278244631255	TRUE	1	Highest variance across all 146 samples; lexicographically smallest probe ID for exact ties
355	ILMN_2319077	FAS	VIR_M2	EXACT_ENTREZ_WITH_EXACT_SYMBOL_SUPPORT	FALSE	2	FAS	355	FAS	6.36143185731507	6.318111765	0.0901362490336508	0.300226995844229	5.659612707	7.406458187	6.318111765	TRUE	1	0.0901362490336508	TRUE	1	Highest variance across all 146 samples; lexicographically smallest probe ID for exact ties
2213	ILMN_1660027	FCGR2B	VIR_M2	EXACT_ENTREZ_WITH_EXACT_SYMBOL_SUPPORT	FALSE	3	FCGR2B	2213	FCGR2B	6.43965191399315	6.4070250685	0.0753457569516505	0.27449181581907	5.984223616	8.157807782	6.4070250685	TRUE	1	0.0753457569516505	TRUE	1	Highest variance across all 146 samples; lexicographically smallest probe ID for exact ties
2214	ILMN_1703679	FCGR3A	VIR_M2	EXACT_ENTREZ_WITH_EXACT_SYMBOL_SUPPORT	FALSE	2	FCGR3A	2214	FCGR3A	6.6538616034589	6.3729954825	0.471292525925172	0.686507484245563	5.876173391	8.930364154	6.7910087615	FALSE	1	0.471292525925172	TRUE	1	Highest variance across all 146 samples; lexicographically smallest probe ID for exact ties
2215	ILMN_1728639	FCGR3B	VIR_M2	EXACT_ENTREZ_WITH_EXACT_SYMBOL_SUPPORT	FALSE	2	FCGR3B	2215	FCGR3B	10.7957786950685	10.95581347	1.21373458861921	1.10169623246121	5.949084157	12.89125596	10.95581347	TRUE	1	1.21373458861921	TRUE	1	Highest variance across all 146 samples; lexicographically smallest probe ID for exact ties
50943	ILMN_1768049	FOXP3	VIR_M1a	EXACT_ENTREZ_WITH_EXACT_SYMBOL_SUPPORT	FALSE	1	FOXP3	50943	FOXP3	5.90015888341096	5.8927100825	0.0217134203435531	0.147354743200051	5.510346081	6.539571415	5.8927100825	TRUE	1	0.0217134203435531	TRUE	1	Highest variance across all 146 samples; lexicographically smallest probe ID for exact ties
2444	ILMN_1727605	FRK	VIR_M1a	EXACT_ENTREZ_WITH_EXACT_SYMBOL_SUPPORT	FALSE	1	FRK	2444	FRK	5.77476115694521	5.7749398125	0.0163836856442601	0.127998772042001	5.419357987	6.159643261	5.7749398125	TRUE	1	0.0163836856442601	TRUE	1	Highest variance across all 146 samples; lexicographically smallest probe ID for exact ties
10146	ILMN_2344455	G3BP1	VIR_M1a	EXACT_ENTREZ_WITH_EXACT_SYMBOL_SUPPORT	FALSE	2	G3BP1	10146	G3BP1	6.77338859840411	6.7121621205	0.102417166928472	0.320026822201627	6.077874604	7.671344116	6.7121621205	TRUE	1	0.102417166928472	TRUE	1	Highest variance across all 146 samples; lexicographically smallest probe ID for exact ties
9908	ILMN_2381753	G3BP2	VIR_M1a	EXACT_ENTREZ_WITH_EXACT_SYMBOL_SUPPORT	FALSE	4	G3BP2	9908	G3BP2	8.49989024040411	8.536249026	0.175675399205897	0.419136492333818	7.008256412	9.349040379	8.536249026	TRUE	1	0.175675399205897	TRUE	1	Highest variance across all 146 samples; lexicographically smallest probe ID for exact ties
2625	ILMN_2406656	GATA3	VIR_M1a;VIR_M2	EXACT_ENTREZ_WITH_EXACT_SYMBOL_SUPPORT	FALSE	1	GATA3	2625	GATA3	6.22840007293836	6.224132364	0.0238843820826699	0.154545728128182	5.825726852	6.568060023	6.224132364	TRUE	1	0.0238843820826699	TRUE	1	Highest variance across all 146 samples; lexicographically smallest probe ID for exact ties
2633	ILMN_2148785	GBP1	VIR_M1a	EXACT_ENTREZ_WITH_EXACT_SYMBOL_SUPPORT	FALSE	2	GBP1	2633	GBP1	8.60132826232192	8.459834033	1.88450649783895	1.37277328712317	6.018766109	11.71719169	8.459834033	TRUE	1	1.88450649783895	TRUE	1	Highest variance across all 146 samples; lexicographically smallest probe ID for exact ties
2635	ILMN_1725314	GBP3	VIR_M1a	EXACT_ENTREZ_WITH_EXACT_SYMBOL_SUPPORT	FALSE	1	GBP3	2635	GBP3	6.20408645980822	6.187624757	0.0230061910858537	0.151677918913247	5.819425973	6.887432897	6.187624757	TRUE	1	0.0230061910858537	TRUE	1	Highest variance across all 146 samples; lexicographically smallest probe ID for exact ties
1880	ILMN_1798706	GPR183	VIR_M2	EXACT_ENTREZ_HISTORICAL_OR_ALTERNATE_SYMBOL	TRUE	2	EBI2	1880	EBI2	7.946254025	7.896501239	0.483219471808006	0.69513989369623	6.511009717	9.947079061	7.896501239	TRUE	1	0.483219471808006	TRUE	1	Highest variance across all 146 samples; lexicographically smallest probe ID for exact ties
51191	ILMN_1729749	HERC5	VIR_M1a	EXACT_ENTREZ_WITH_EXACT_SYMBOL_SUPPORT	FALSE	1	HERC5	51191	HERC5	10.0202211233767	10.108377065	2.95399639977685	1.71871940693554	6.961721177	13.50711854	10.108377065	TRUE	1	2.95399639977685	TRUE	1	Highest variance across all 146 samples; lexicographically smallest probe ID for exact ties
23119	ILMN_1652762	HIC2	VIR_M2	EXACT_ENTREZ_WITH_EXACT_SYMBOL_SUPPORT	FALSE	1	HIC2	23119	HIC2	6.51704603056164	6.496665492	0.0247216273264985	0.157231127091612	6.017605045	7.002205598	6.496665492	TRUE	1	0.0247216273264985	TRUE	1	Highest variance across all 146 samples; lexicographically smallest probe ID for exact ties
29851	ILMN_1669927	ICOS	VIR_M2	EXACT_ENTREZ_WITH_EXACT_SYMBOL_SUPPORT	FALSE	1	ICOS	29851	ICOS	7.23024718828082	7.19968846	0.394116764289346	0.627787196659302	6.054041139	9.116744046	7.19968846	TRUE	1	0.394116764289346	TRUE	1	Highest variance across all 146 samples; lexicographically smallest probe ID for exact ties
23308	ILMN_1675671	ICOSLG	VIR_M2	EXACT_ENTREZ_WITH_EXACT_SYMBOL_SUPPORT	FALSE	1	ICOSLG	23308	ICOSLG	6.19477618536301	6.1921685845	0.0176796798712734	0.132964957305575	5.720083748	6.788117804	6.1921685845	TRUE	1	0.0176796798712734	TRUE	1	Highest variance across all 146 samples; lexicographically smallest probe ID for exact ties
3429	ILMN_2058782	IFI27	VIR_M1a;VIR_M1b	EXACT_ENTREZ_WITH_EXACT_SYMBOL_SUPPORT	FALSE	1	IFI27	3429	IFI27	10.7911372623288	11.825889005	7.43188678642614	2.72614870952157	5.8217704	14.65378841	11.825889005	TRUE	1	7.43188678642614	TRUE	1	Highest variance across all 146 samples; lexicographically smallest probe ID for exact ties
3430	ILMN_1745374	IFI35	VIR_M1a	EXACT_ENTREZ_WITH_EXACT_SYMBOL_SUPPORT	FALSE	1	IFI35	3430	IFI35	9.78822636769178	9.7861590835	1.19337225346105	1.09241578781206	7.498596775	12.06021257	9.7861590835	TRUE	1	1.19337225346105	TRUE	1	Highest variance across all 146 samples; lexicographically smallest probe ID for exact ties
10561	ILMN_1760062	IFI44	VIR_M1a;VIR_M2	EXACT_ENTREZ_WITH_EXACT_SYMBOL_SUPPORT	FALSE	1	IFI44	10561	IFI44	9.06046147309589	9.0937052265	3.10050539887832	1.76082520395362	6.137609187	12.72896709	9.0937052265	TRUE	1	3.10050539887832	TRUE	1	Highest variance across all 146 samples; lexicographically smallest probe ID for exact ties
10964	ILMN_1723912	IFI44L	VIR_M1a;VIR_M2	EXACT_ENTREZ_WITH_EXACT_SYMBOL_SUPPORT	FALSE	1	IFI44L	10964	IFI44L	9.66868060043836	10.0335805025	4.53229876641816	2.12891962422684	5.944711455	12.85098976	10.0335805025	TRUE	1	4.53229876641816	TRUE	1	Highest variance across all 146 samples; lexicographically smallest probe ID for exact ties
2537	ILMN_2347798	IFI6	VIR_M1a;VIR_M2	EXACT_ENTREZ_WITH_EXACT_SYMBOL_SUPPORT	FALSE	2	IFI6	2537	IFI6	10.0550450510685	10.350804405	2.8327356443925	1.68307327362551	6.755747562	13.01040884	11.27923215	FALSE	1	2.8327356443925	TRUE	1	Highest variance across all 146 samples; lexicographically smallest probe ID for exact ties
64135	ILMN_1781373	IFIH1	VIR_M1a;VIR_M1b	EXACT_ENTREZ_WITH_EXACT_SYMBOL_SUPPORT	FALSE	1	IFIH1	64135	IFIH1	7.97883609533562	7.8615467855	1.08873055490659	1.04342251983872	6.130737373	10.99845344	7.8615467855	TRUE	1	1.08873055490659	TRUE	1	Highest variance across all 146 samples; lexicographically smallest probe ID for exact ties
3434	ILMN_1707695	IFIT1	VIR_M1a;VIR_M1b	EXACT_ENTREZ_WITH_EXACT_SYMBOL_SUPPORT	FALSE	2	IFIT1	3434	IFIT1	8.85163668250685	8.87628572	3.76589001492073	1.94059012027804	5.915070186	12.64172798	8.87628572	TRUE	1	3.76589001492073	TRUE	1	Highest variance across all 146 samples; lexicographically smallest probe ID for exact ties
439996	ILMN_1759155	IFIT1B	VIR_M1a	EXACT_ENTREZ_HISTORICAL_OR_ALTERNATE_SYMBOL	TRUE	1	IFIT1L	439996	IFIT1L	8.29610291456849	7.815348743	3.43814489049071	1.85422352764997	5.733404058	12.49871936	7.815348743	TRUE	1	3.43814489049071	TRUE	1	Highest variance across all 146 samples; lexicographically smallest probe ID for exact ties
3433	ILMN_1739428	IFIT2	VIR_M1a	EXACT_ENTREZ_WITH_EXACT_SYMBOL_SUPPORT	FALSE	1	IFIT2	3433	IFIT2	10.3171785193014	10.426653205	3.02333582050908	1.73877422930899	6.743225755	13.69331761	10.426653205	TRUE	1	3.02333582050908	TRUE	1	Highest variance across all 146 samples; lexicographically smallest probe ID for exact ties
3437	ILMN_1701789	IFIT3	VIR_M1a	EXACT_ENTREZ_WITH_EXACT_SYMBOL_SUPPORT	FALSE	3	IFIT3	3437	IFIT3	10.2885235642329	10.528084415	3.68358144217854	1.91926586021284	6.68527755	13.67527394	10.528084415	TRUE	1	3.68358144217854	TRUE	1	Highest variance across all 146 samples; lexicographically smallest probe ID for exact ties
24138	ILMN_1696654	IFIT5	VIR_M1a;VIR_M1b	EXACT_ENTREZ_WITH_EXACT_SYMBOL_SUPPORT	FALSE	1	IFIT5	24138	IFIT5	6.74478334109589	6.5934141815	0.285945460843103	0.534738684633067	5.890065048	8.26777519	6.5934141815	TRUE	1	0.285945460843103	TRUE	1	Highest variance across all 146 samples; lexicographically smallest probe ID for exact ties
10410	ILMN_1805750	IFITM3	VIR_M1a;VIR_M1b;VIR_M2	EXACT_ENTREZ_WITH_EXACT_SYMBOL_SUPPORT	FALSE	1	IFITM3	10410	IFITM3	12.2551041544795	12.4695558	1.6523276887168	1.28542899014951	8.688628352	14.19206519	12.4695558	TRUE	1	1.6523276887168	TRUE	1	Highest variance across all 146 samples; lexicographically smallest probe ID for exact ties
10643	ILMN_1807423	IGF2BP3	VIR_M2	EXACT_ENTREZ_WITH_EXACT_SYMBOL_SUPPORT	FALSE	1	IGF2BP3	10643	IGF2BP3	7.26615223323288	7.292950631	0.515892884016188	0.7182568370828	6.096217773	8.737278146	7.292950631	TRUE	1	0.515892884016188	TRUE	1	Highest variance across all 146 samples; lexicographically smallest probe ID for exact ties
3600	ILMN_1724181	IL15	VIR_M2	EXACT_ENTREZ_WITH_EXACT_SYMBOL_SUPPORT	FALSE	4	IL15	3600	IL15	6.66423343821918	6.610056215	0.147798797921854	0.384446092348269	5.950375901	7.744594461	6.610056215	TRUE	1	0.147798797921854	TRUE	1	Highest variance across all 146 samples; lexicographically smallest probe ID for exact ties
3557	ILMN_1774874	IL1RN	VIR_M2	EXACT_ENTREZ_WITH_EXACT_SYMBOL_SUPPORT	FALSE	3	IL1RN	3557	IL1RN	9.72463662275342	9.724780389	1.18513753090488	1.08864022105785	7.037358537	12.86116321	9.724780389	TRUE	1	1.18513753090488	TRUE	1	Highest variance across all 146 samples; lexicographically smallest probe ID for exact ties
246778	ILMN_1753758	IL27	VIR_M1a	EXACT_ENTREZ_WITH_EXACT_SYMBOL_SUPPORT	FALSE	1	IL27	246778	IL27	6.13488797965069	6.1047268285	0.109527836683425	0.330949900564156	5.351277896	7.404866039	6.1047268285	TRUE	1	0.109527836683425	TRUE	1	Highest variance across all 146 samples; lexicographically smallest probe ID for exact ties
3559	ILMN_1683774	IL2RA	VIR_M2	EXACT_ENTREZ_WITH_EXACT_SYMBOL_SUPPORT	FALSE	2	IL2RA	3559	IL2RA	6.17561540034247	6.157982942	0.0317442972473223	0.178169293783531	5.785863253	7.169614837	6.157982942	TRUE	1	0.0317442972473223	TRUE	1	Highest variance across all 146 samples; lexicographically smallest probe ID for exact ties
3575	ILMN_1691341	IL7R	VIR_M2	EXACT_ENTREZ_WITH_EXACT_SYMBOL_SUPPORT	FALSE	2	IL7R	3575	IL7R	10.2605455356096	10.3358395	1.08593071668031	1.0420799953364	7.65137839	12.41136942	10.3358395	TRUE	1	1.08593071668031	TRUE	1	Highest variance across all 146 samples; lexicographically smallest probe ID for exact ties
10527	ILMN_1652378	IPO7	VIR_M1a	EXACT_ENTREZ_WITH_EXACT_SYMBOL_SUPPORT	FALSE	1	IPO7	10527	IPO7	6.10329192705479	6.13199909	0.0156163621329965	0.12496544375545	5.675034299	6.445320657	6.13199909	TRUE	1	0.0156163621329965	TRUE	1	Highest variance across all 146 samples; lexicographically smallest probe ID for exact ties
3665	ILMN_1798181	IRF7	VIR_M1a;VIR_M1b	EXACT_ENTREZ_WITH_EXACT_SYMBOL_SUPPORT	FALSE	3	IRF7	3665	IRF7	10.1514596375822	10.04650167	1.56333808881472	1.2503351905848	8.128797974	13.27742101	10.04650167	TRUE	1	1.56333808881472	TRUE	1	Highest variance across all 146 samples; lexicographically smallest probe ID for exact ties
10379	ILMN_1745471	IRF9	VIR_M1a	EXACT_ENTREZ_WITH_EXACT_SYMBOL_SUPPORT	FALSE	1	IRF9	10379	IRF9	10.575692482774	10.614183175	0.365038446899073	0.604184116721942	8.932425503	11.97147447	10.614183175	TRUE	1	0.365038446899073	TRUE	1	Highest variance across all 146 samples; lexicographically smallest probe ID for exact ties
9636	ILMN_2054019	ISG15	VIR_M1a;VIR_M1b	EXACT_ENTREZ_WITH_EXACT_SYMBOL_SUPPORT	FALSE	1	ISG15	9636	ISG15	9.18550530482877	8.86079701	3.23739723876325	1.79927686551104	6.28286725	12.87472643	8.86079701	TRUE	1	3.23739723876325	TRUE	1	Highest variance across all 146 samples; lexicographically smallest probe ID for exact ties
3669	ILMN_1659913	ISG20	VIR_M1a;VIR_M1b	EXACT_ENTREZ_WITH_EXACT_SYMBOL_SUPPORT	FALSE	1	ISG20	3669	ISG20	11.3561145184452	11.309976025	0.599590182075721	0.774332087721877	9.213366299	13.21720871	11.309976025	TRUE	1	0.599590182075721	TRUE	1	Highest variance across all 146 samples; lexicographically smallest probe ID for exact ties
84502	ILMN_1758829	JPH4	VIR_M2	EXACT_ENTREZ_WITH_EXACT_SYMBOL_SUPPORT	FALSE	1	JPH4	84502	JPH4	5.87541874008904	5.900480965	0.0167483378768072	0.129415369554034	5.577664862	6.136049694	5.900480965	TRUE	1	0.0167483378768072	TRUE	1	Highest variance across all 146 samples; lexicographically smallest probe ID for exact ties
3802	ILMN_1786810	KIR2DL1	VIR_M2	EXACT_ENTREZ_WITH_EXACT_SYMBOL_SUPPORT	FALSE	2	KIR2DL1	3802	KIR2DL1	6.30108341345206	6.1699514765	0.161878672023529	0.4023414868287	5.736794186	8.228599285	6.2734853215	FALSE	1	0.161878672023529	TRUE	1	Highest variance across all 146 samples; lexicographically smallest probe ID for exact ties
3806	ILMN_2166812	KIR2DS1	VIR_M2	EXACT_ENTREZ_WITH_EXACT_SYMBOL_SUPPORT	FALSE	2	KIR2DS1	3806	KIR2DS1	5.90466788423288	5.918618399	0.0196336578715854	0.140120155122614	5.544554167	6.237114887	5.918618399	TRUE	1	0.0196336578715854	TRUE	1	Highest variance across all 146 samples; lexicographically smallest probe ID for exact ties
3810	ILMN_1691803	KIR2DS5	VIR_M2	EXACT_ENTREZ_WITH_EXACT_SYMBOL_SUPPORT	FALSE	1	KIR2DS5	3810	KIR2DS5	6.31857183660959	6.2395568345	0.0676825463691701	0.26015869458692	5.727402538	7.482191919	6.2395568345	TRUE	1	0.0676825463691701	TRUE	1	Highest variance across all 146 samples; lexicographically smallest probe ID for exact ties
3811	ILMN_2131828	KIR3DL1	VIR_M2	EXACT_ENTREZ_WITH_EXACT_SYMBOL_SUPPORT	FALSE	2	KIR3DL1	3811	KIR3DL1	6.59978397232192	6.4915002055	0.16093191171806	0.401163198359545	5.968248198	8.138246583	6.4915002055	TRUE	1	0.16093191171806	TRUE	1	Highest variance across all 146 samples; lexicographically smallest probe ID for exact ties
10219	ILMN_1658399	KLRG1	VIR_M1a	EXACT_ENTREZ_WITH_EXACT_SYMBOL_SUPPORT	FALSE	2	KLRG1	10219	KLRG1	7.68978199510959	7.5780444715	0.540057652530577	0.734886149366401	6.319466352	9.595563968	7.5780444715	TRUE	1	0.540057652530577	TRUE	1	Highest variance across all 146 samples; lexicographically smallest probe ID for exact ties
54900	ILMN_1769782	LAX1	VIR_M2	EXACT_ENTREZ_WITH_EXACT_SYMBOL_SUPPORT	FALSE	1	LAX1	54900	LAX1	7.55988716847945	7.5802370965	0.337259566175593	0.580740532575085	6.238805314	8.909563925	7.5802370965	TRUE	1	0.337259566175593	TRUE	1	Highest variance across all 146 samples; lexicographically smallest probe ID for exact ties
3976	ILMN_1738725	LIF	VIR_M2	EXACT_ENTREZ_WITH_EXACT_SYMBOL_SUPPORT	FALSE	1	LIF	3976	LIF	5.83249673589041	5.8534856995	0.0202033554365548	0.142138507929958	5.437036119	6.090328707	5.8534856995	TRUE	1	0.0202033554365548	TRUE	1	Highest variance across all 146 samples; lexicographically smallest probe ID for exact ties
23547	ILMN_1702385	LILRA4	VIR_M1a	EXACT_ENTREZ_WITH_EXACT_SYMBOL_SUPPORT	FALSE	1	LILRA4	23547	LILRA4	6.00817681553425	6.041168594	0.0269850068318989	0.16427113815853	5.344037226	6.687673913	6.041168594	TRUE	1	0.0269850068318989	TRUE	1	Highest variance across all 146 samples; lexicographically smallest probe ID for exact ties
4063	ILMN_1812278	LY9	VIR_M1a	EXACT_ENTREZ_WITH_EXACT_SYMBOL_SUPPORT	FALSE	3	LY9	4063	LY9	7.38563835673973	7.3944428915	0.384269693730251	0.619894905391431	5.873733778	8.911764491	7.3944428915	TRUE	1	0.384269693730251	TRUE	1	Highest variance across all 146 samples; lexicographically smallest probe ID for exact ties
10892	ILMN_1730986	MALT1	VIR_M1a	EXACT_ENTREZ_WITH_EXACT_SYMBOL_SUPPORT	FALSE	2	MALT1	10892	MALT1	6.78046484780822	6.7766080155	0.0990631022191387	0.314742914485996	6.108768843	7.703447783	6.7766080155	TRUE	1	0.0990631022191387	TRUE	1	Highest variance across all 146 samples; lexicographically smallest probe ID for exact ties
55016	ILMN_2094942	MARCHF1	VIR_M2	EXACT_ENTREZ_HISTORICAL_OR_ALTERNATE_SYMBOL	TRUE	2	MARCH1	55016	MARCH1	6.40869232820548	6.372430027	0.0695631426933606	0.263748256284967	5.768398931	7.251302383	6.372430027	TRUE	1	0.0695631426933606	TRUE	1	Highest variance across all 146 samples; lexicographically smallest probe ID for exact ties
9782	ILMN_1815107	MATR3	VIR_M1a	EXACT_ENTREZ_WITH_EXACT_SYMBOL_SUPPORT	FALSE	4	MATR3	9782	MATR3	8.97214945765754	8.944208888	0.431087017033369	0.656572171991297	7.307622249	10.84561909	8.944208888	TRUE	1	0.431087017033369	TRUE	1	Highest variance across all 146 samples; lexicographically smallest probe ID for exact ties
255231	ILMN_1660462	MCOLN2	VIR_M1a	EXACT_ENTREZ_WITH_EXACT_SYMBOL_SUPPORT	FALSE	1	MCOLN2	255231	MCOLN2	6.79392975891781	6.7319190845	0.207169379203618	0.455158630813058	5.932086092	8.68853826	6.7319190845	TRUE	1	0.207169379203618	TRUE	1	Highest variance across all 146 samples; lexicographically smallest probe ID for exact ties
4191	ILMN_2079004	MDH2	BACT_M2	EXACT_ENTREZ_WITH_EXACT_SYMBOL_SUPPORT	FALSE	1	MDH2	4191	MDH2	11.100425829589	11.157570605	0.113598981644905	0.337044480217233	10.35643736	11.84322782	11.157570605	TRUE	1	0.113598981644905	TRUE	1	Highest variance across all 146 samples; lexicographically smallest probe ID for exact ties
4210	ILMN_2115752	MEFV	VIR_M1a	EXACT_ENTREZ_WITH_EXACT_SYMBOL_SUPPORT	FALSE	2	MEFV	4210	MEFV	7.09094902065069	7.035253102	0.36055812285632	0.600464922253016	5.691788332	8.945851145	7.047043081	FALSE	1	0.36055812285632	TRUE	1	Highest variance across all 146 samples; lexicographically smallest probe ID for exact ties
9258	ILMN_1745686	MFHAS1	VIR_M1a	EXACT_ENTREZ_WITH_EXACT_SYMBOL_SUPPORT	FALSE	1	MFHAS1	9258	MFHAS1	6.97987485512329	6.966941816	0.135442920881539	0.368025706821601	6.246557694	8.302235324	6.966941816	TRUE	1	0.135442920881539	TRUE	1	Highest variance across all 146 samples; lexicographically smallest probe ID for exact ties
11043	ILMN_1760180	MID2	VIR_M1a	EXACT_ENTREZ_WITH_EXACT_SYMBOL_SUPPORT	FALSE	3	MID2	11043	MID2	6.14682634791781	6.1452289475	0.0236849048662675	0.153899008659145	5.660650211	6.770735107	6.1452289475	TRUE	1	0.0236849048662675	TRUE	1	Highest variance across all 146 samples; lexicographically smallest probe ID for exact ties
4343	ILMN_1725700	MOV10	VIR_M1a	EXACT_ENTREZ_WITH_EXACT_SYMBOL_SUPPORT	FALSE	1	MOV10	4343	MOV10	7.42190695753425	7.243176038	0.575043203765526	0.75831603158942	6.115158825	10.09467004	7.243176038	TRUE	1	0.575043203765526	TRUE	1	Highest variance across all 146 samples; lexicographically smallest probe ID for exact ties
28998	ILMN_1671158	MRPL13	BACT_M1	EXACT_ENTREZ_WITH_EXACT_SYMBOL_SUPPORT	FALSE	1	MRPL13	28998	MRPL13	6.59497262776712	6.4955842375	0.196393360871961	0.443162905568552	5.963133936	7.963676937	6.4955842375	TRUE	1	0.196393360871961	TRUE	1	Highest variance across all 146 samples; lexicographically smallest probe ID for exact ties
29093	ILMN_1748819	MRPL22	BACT_M1	EXACT_ENTREZ_WITH_EXACT_SYMBOL_SUPPORT	FALSE	2	MRPL22	29093	MRPL22	8.01118946328082	7.9696250515	0.425165557116066	0.652047204668547	6.817574727	9.980365866	7.9696250515	TRUE	1	0.425165557116066	TRUE	1	Highest variance across all 146 samples; lexicographically smallest probe ID for exact ties
64963	ILMN_1722905	MRPS11	BACT_M1	EXACT_ENTREZ_WITH_EXACT_SYMBOL_SUPPORT	FALSE	2	MRPS11	64963	MRPS11	8.52791306616438	8.528275706	0.0972308775493561	0.311818661323142	7.759972489	9.48095998	8.528275706	TRUE	1	0.0972308775493561	TRUE	1	Highest variance across all 146 samples; lexicographically smallest probe ID for exact ties
51023	ILMN_1658416	MRPS18C	BACT_M1	EXACT_ENTREZ_WITH_EXACT_SYMBOL_SUPPORT	FALSE	2	MRPS18C	51023	MRPS18C	8.0905744165274	8.043840694	0.595877494538138	0.771931016696529	6.482035387	9.981999333	8.043840694	TRUE	1	0.595877494538138	TRUE	1	Highest variance across all 146 samples; lexicographically smallest probe ID for exact ties
2206	ILMN_1806721	MS4A2	VIR_M2	EXACT_ENTREZ_WITH_EXACT_SYMBOL_SUPPORT	FALSE	1	MS4A2	2206	MS4A2	5.97342842223288	5.9802949165	0.0320752389668392	0.179095614035741	5.48663981	6.894151308	5.9802949165	TRUE	1	0.0320752389668392	TRUE	1	Highest variance across all 146 samples; lexicographically smallest probe ID for exact ties
113115	ILMN_1697998	MTFR2	BACT_M2	EXACT_ENTREZ_HISTORICAL_OR_ALTERNATE_SYMBOL	TRUE	2	FAM54A	113115	FAM54A	6.18616778316438	6.155701851	0.0130704670075018	0.11432614314977	5.881572402	6.658905205	6.155701851	TRUE	1	0.0130704670075018	TRUE	1	Highest variance across all 146 samples; lexicographically smallest probe ID for exact ties
4599	ILMN_1662358	MX1	VIR_M1a;VIR_M1b	EXACT_ENTREZ_WITH_EXACT_SYMBOL_SUPPORT	FALSE	1	MX1	4599	MX1	11.9429128112123	12.143252325	2.0532208755754	1.43290644341331	7.967627048	14.38191348	12.143252325	TRUE	1	2.0532208755754	TRUE	1	Highest variance across all 146 samples; lexicographically smallest probe ID for exact ties
4600	ILMN_2231928	MX2	VIR_M1a	EXACT_ENTREZ_WITH_EXACT_SYMBOL_SUPPORT	FALSE	1	MX2	4600	MX2	10.137709171089	10.060708245	0.998279431254132	0.999139345263779	8.277404642	12.45639193	10.060708245	TRUE	1	0.998279431254132	TRUE	1	Highest variance across all 146 samples; lexicographically smallest probe ID for exact ties
23138	ILMN_1678531	N4BP3	VIR_M1a	EXACT_ENTREZ_WITH_EXACT_SYMBOL_SUPPORT	FALSE	1	N4BP3	23138	N4BP3	5.84768136397945	5.8709607175	0.0219500397694181	0.148155458115515	5.468436847	6.126841254	5.8709607175	TRUE	1	0.0219500397694181	TRUE	1	Highest variance across all 146 samples; lexicographically smallest probe ID for exact ties
4696	ILMN_1784641	NDUFA3	BACT_M2	EXACT_ENTREZ_WITH_EXACT_SYMBOL_SUPPORT	FALSE	1	NDUFA3	4696	NDUFA3	10.4695011944589	10.500074175	0.14894560063655	0.385934710328767	9.574418248	11.7818279	10.500074175	TRUE	1	0.14894560063655	TRUE	1	Highest variance across all 146 samples; lexicographically smallest probe ID for exact ties
4697	ILMN_1751258	NDUFA4	BACT_M2	EXACT_ENTREZ_WITH_EXACT_SYMBOL_SUPPORT	FALSE	1	NDUFA4	4697	NDUFA4	9.81027859128082	9.889923367	0.859071256507995	0.926860969351928	7.50617307	11.65940236	9.889923367	TRUE	1	0.859071256507995	TRUE	1	Highest variance across all 146 samples; lexicographically smallest probe ID for exact ties
51103	ILMN_1754421	NDUFAF1	BACT_M2	EXACT_ENTREZ_WITH_EXACT_SYMBOL_SUPPORT	FALSE	1	NDUFAF1	51103	NDUFAF1	6.57648056409589	6.457816163	0.156553471512157	0.395668385788095	5.840882027	7.993071685	6.457816163	TRUE	1	0.156553471512157	TRUE	1	Highest variance across all 146 samples; lexicographically smallest probe ID for exact ties
91942	ILMN_1682857	NDUFAF2	BACT_M2	EXACT_ENTREZ_WITH_EXACT_SYMBOL_SUPPORT	FALSE	1	NDUFAF2	91942	NDUFAF2	6.70837377012329	6.6087243225	0.156226630124749	0.395255145601862	5.917704538	8.022018392	6.6087243225	TRUE	1	0.156226630124749	TRUE	1	Highest variance across all 146 samples; lexicographically smallest probe ID for exact ties
137682	ILMN_1727618	NDUFAF6	BACT_M2	EXACT_ENTREZ_HISTORICAL_OR_ALTERNATE_SYMBOL	TRUE	1	C8orf38	137682	C8ORF38	6.21489910967123	6.2058926495	0.0256115290948149	0.160036024365812	5.689662077	6.853362568	6.2058926495	TRUE	1	0.0256115290948149	TRUE	1	Highest variance across all 146 samples; lexicographically smallest probe ID for exact ties
55471	ILMN_2394132	NDUFAF7	BACT_M2	EXACT_ENTREZ_HISTORICAL_OR_ALTERNATE_SYMBOL	TRUE	3	PRO1853	55471	PRO1853	6.61960158615069	6.556333671	0.118797587280954	0.344670258770544	5.676489389	8.478608691	6.771230327	FALSE	1	0.118797587280954	TRUE	1	Highest variance across all 146 samples; lexicographically smallest probe ID for exact ties
4707	ILMN_1724367	NDUFB1	BACT_M2	EXACT_ENTREZ_WITH_EXACT_SYMBOL_SUPPORT	FALSE	1	NDUFB1	4707	NDUFB1	6.02541134956164	6.0516192195	0.00972371219160057	0.0986088849526277	5.809232781	6.182486736	6.0516192195	TRUE	1	0.00972371219160057	TRUE	1	Highest variance across all 146 samples; lexicographically smallest probe ID for exact ties
4709	ILMN_2119945	NDUFB3	BACT_M2	EXACT_ENTREZ_WITH_EXACT_SYMBOL_SUPPORT	FALSE	2	NDUFB3	4709	NDUFB3	8.61699553258219	8.561571987	0.94488500021766	0.972051953456018	6.630522849	10.80724346	8.561571987	TRUE	1	0.94488500021766	TRUE	1	Highest variance across all 146 samples; lexicographically smallest probe ID for exact ties
4718	ILMN_1694274	NDUFC2	BACT_M2	EXACT_ENTREZ_WITH_EXACT_SYMBOL_SUPPORT	FALSE	1	NDUFC2	4718	NDUFC2	6.05436493410274	6.078506635	0.024005776208582	0.154937975359761	5.646610279	6.674454805	6.078506635	TRUE	1	0.024005776208582	TRUE	1	Highest variance across all 146 samples; lexicographically smallest probe ID for exact ties
4724	ILMN_1812312	NDUFS4	BACT_M2	EXACT_ENTREZ_WITH_EXACT_SYMBOL_SUPPORT	FALSE	1	NDUFS4	4724	NDUFS4	7.61446392489726	7.5248613775	0.492906211666801	0.702072796558022	6.453670948	9.827915592	7.5248613775	TRUE	1	0.492906211666801	TRUE	1	Highest variance across all 146 samples; lexicographically smallest probe ID for exact ties
4731	ILMN_2387731	NDUFV3	BACT_M2	EXACT_ENTREZ_WITH_EXACT_SYMBOL_SUPPORT	FALSE	2	NDUFV3	4731	NDUFV3	6.12078529335617	6.1236165785	0.0275409670754913	0.165954713929708	5.605583011	6.946294442	6.2017775465	FALSE	1	0.0275409670754913	TRUE	1	Highest variance across all 146 samples; lexicographically smallest probe ID for exact ties
64127	ILMN_1762594	NOD2	VIR_M1a;VIR_M2	EXACT_ENTREZ_WITH_EXACT_SYMBOL_SUPPORT	FALSE	1	NOD2	64127	NOD2	7.67345355781507	7.5884500465	0.425876376283963	0.652592044300237	6.156175088	9.88467321	7.5884500465	TRUE	1	0.425876376283963	TRUE	1	Highest variance across all 146 samples; lexicographically smallest probe ID for exact ties
51251	ILMN_2352121	NT5C3A	VIR_M1a	EXACT_ENTREZ_HISTORICAL_OR_ALTERNATE_SYMBOL	TRUE	2	NT5C3	51251	NT5C3	9.7688375695	9.769689588	0.848257106062173	0.921008743749034	7.450897356	12.08920226	9.769689588	TRUE	1	0.848257106062173	TRUE	1	Highest variance across all 146 samples; lexicographically smallest probe ID for exact ties
4938	ILMN_1658247	OAS1	VIR_M1a;VIR_M1b	EXACT_ENTREZ_WITH_EXACT_SYMBOL_SUPPORT	FALSE	4	OAS1	4938	OAS1	8.23385805208219	7.9584961805	2.17675276812895	1.47538224475183	6.080634612	11.5816771	8.2237200155	FALSE	1	2.17675276812895	TRUE	1	Highest variance across all 146 samples; lexicographically smallest probe ID for exact ties
4939	ILMN_1674063	OAS2	VIR_M1a;VIR_M1b	EXACT_ENTREZ_WITH_EXACT_SYMBOL_SUPPORT	FALSE	4	OAS2	4939	OAS2	10.5910237955548	10.486420385	1.9031885666108	1.37956100503414	7.17385531	13.25509839	10.486420385	TRUE	1	1.9031885666108	TRUE	1	Highest variance across all 146 samples; lexicographically smallest probe ID for exact ties
4940	ILMN_1745397	OAS3	VIR_M1a;VIR_M1b	EXACT_ENTREZ_WITH_EXACT_SYMBOL_SUPPORT	FALSE	2	OAS3	4940	OAS3	8.51031852344521	8.4242722685	2.55884997565846	1.599640577023	6.11272473	12.27953908	8.4242722685	TRUE	1	2.55884997565846	TRUE	1	Highest variance across all 146 samples; lexicographically smallest probe ID for exact ties
8638	ILMN_1674811	OASL	VIR_M1a;VIR_M1b	EXACT_ENTREZ_WITH_EXACT_SYMBOL_SUPPORT	FALSE	2	OASL	8638	OASL	8.598957092	8.5186575425	2.14563431137702	1.46479838591426	6.154677258	12.35227644	8.5186575425	TRUE	1	2.14563431137702	TRUE	1	Highest variance across all 146 samples; lexicographically smallest probe ID for exact ties
54726	ILMN_1708203	OTUD4	VIR_M1a	EXACT_ENTREZ_WITH_EXACT_SYMBOL_SUPPORT	FALSE	3	OTUD4	54726	OTUD4	6.49160350699315	6.4447362975	0.0496535717684842	0.22283081422569	5.932565631	7.284043595	6.4447362975	TRUE	1	0.0496535717684842	TRUE	1	Highest variance across all 146 samples; lexicographically smallest probe ID for exact ties
5027	ILMN_1759326	P2RX7	VIR_M2	EXACT_ENTREZ_WITH_EXACT_SYMBOL_SUPPORT	FALSE	1	P2RX7	5027	P2RX7	7.70446394134247	7.655294181	0.165955943720579	0.407376906219018	6.883658249	8.836580241	7.655294181	TRUE	1	0.165955943720579	TRUE	1	Highest variance across all 146 samples; lexicographically smallest probe ID for exact ties
24145	ILMN_1697817	PANX1	VIR_M2	EXACT_ENTREZ_WITH_EXACT_SYMBOL_SUPPORT	FALSE	1	PANX1	24145	PANX1	6.05163690190411	6.1031325415	0.0201524377857538	0.141959282140175	5.586567775	6.430281185	6.1031325415	TRUE	1	0.0201524377857538	TRUE	1	Highest variance across all 146 samples; lexicographically smallest probe ID for exact ties
54625	ILMN_1691731	PARP14	VIR_M1a	EXACT_ENTREZ_WITH_EXACT_SYMBOL_SUPPORT	FALSE	1	PARP14	54625	PARP14	8.31023792342466	8.207662051	0.690162720194685	0.830760326565181	6.759398586	10.41826553	8.207662051	TRUE	1	0.690162720194685	TRUE	1	Highest variance across all 146 samples; lexicographically smallest probe ID for exact ties
83666	ILMN_1731224	PARP9	VIR_M1a	EXACT_ENTREZ_WITH_EXACT_SYMBOL_SUPPORT	FALSE	2	PARP9	83666	PARP9	9.58398411480822	9.756454399	0.850357590696571	0.92214835612095	7.715218442	11.61760141	9.756454399	TRUE	1	0.850357590696571	TRUE	1	Highest variance across all 146 samples; lexicographically smallest probe ID for exact ties
23598	ILMN_2401844	PATZ1	VIR_M2	EXACT_ENTREZ_WITH_EXACT_SYMBOL_SUPPORT	FALSE	3	PATZ1	23598	PATZ1	5.97951926328082	6.0018957025	0.0221612986091459	0.148866714241787	5.432530985	6.274862319	6.148528654	FALSE	1	0.0221612986091459	TRUE	1	Highest variance across all 146 samples; lexicographically smallest probe ID for exact ties
5295	ILMN_1760303	PIK3R1	VIR_M2	EXACT_ENTREZ_WITH_EXACT_SYMBOL_SUPPORT	FALSE	5	PIK3R1	5295	PIK3R1	8.0745991175548	8.0382202915	0.127652736462811	0.357285231240826	7.254681885	9.051674146	8.0382202915	TRUE	1	0.127652736462811	TRUE	1	Highest variance across all 146 samples; lexicographically smallest probe ID for exact ties
11040	ILMN_1748283	PIM2	VIR_M1a	EXACT_ENTREZ_WITH_EXACT_SYMBOL_SUPPORT	FALSE	1	PIM2	11040	PIM2	9.98542384573288	10.0414184	0.260722985614436	0.510610404921831	8.006621088	11.03862489	10.0414184	TRUE	1	0.260722985614436	TRUE	1	Highest variance across all 146 samples; lexicographically smallest probe ID for exact ties
122618	ILMN_1695490	PLD4	VIR_M1a	EXACT_ENTREZ_WITH_EXACT_SYMBOL_SUPPORT	FALSE	1	PLD4	122618	PLD4	6.03504639183562	6.046317976	0.0161741495822009	0.127177630038466	5.617534016	6.505148635	6.046317976	TRUE	1	0.0161741495822009	TRUE	1	Highest variance across all 146 samples; lexicographically smallest probe ID for exact ties
403313	ILMN_1802628	PLPP6	VIR_M1a	EXACT_ENTREZ_HISTORICAL_OR_ALTERNATE_SYMBOL	TRUE	1	PPAPDC2	403313	PPAPDC2	6.40248508043836	6.3849758825	0.030850031255783	0.175641769678465	5.928629452	6.938469777	6.3849758825	TRUE	1	0.030850031255783	TRUE	1	Highest variance across all 146 samples; lexicographically smallest probe ID for exact ties
5359	ILMN_1745242	PLSCR1	VIR_M1a;VIR_M1b	EXACT_ENTREZ_WITH_EXACT_SYMBOL_SUPPORT	FALSE	1	PLSCR1	5359	PLSCR1	7.17017219406849	7.113262435	0.564765719973445	0.751508962004742	5.979778818	9.566290192	7.113262435	TRUE	1	0.564765719973445	TRUE	1	Highest variance across all 146 samples; lexicographically smallest probe ID for exact ties
5366	ILMN_2098446	PMAIP1	VIR_M1a	EXACT_ENTREZ_WITH_EXACT_SYMBOL_SUPPORT	FALSE	2	PMAIP1	5366	PMAIP1	6.16297778544521	6.1497067935	0.0361505891074716	0.190133082622335	5.592201506	7.059171077	6.1497067935	TRUE	1	0.0361505891074716	TRUE	1	Highest variance across all 146 samples; lexicographically smallest probe ID for exact ties
5371	ILMN_1728019	PML	VIR_M1a	EXACT_ENTREZ_WITH_EXACT_SYMBOL_SUPPORT	FALSE	7	PML	5371	PML	7.5152431325548	7.4039827405	0.479596220232175	0.692528858772091	6.328365585	9.764136968	7.4039827405	TRUE	1	0.479596220232175	TRUE	1	Highest variance across all 146 samples; lexicographically smallest probe ID for exact ties
639	ILMN_1655077	PRDM1	VIR_M1a	EXACT_ENTREZ_WITH_EXACT_SYMBOL_SUPPORT	FALSE	4	PRDM1	639	PRDM1	7.45980207472603	7.406612634	0.274455665129383	0.523885164066882	6.154677258	9.373022251	7.406612634	TRUE	1	0.274455665129383	TRUE	1	Highest variance across all 146 samples; lexicographically smallest probe ID for exact ties
5551	ILMN_1740633	PRF1	VIR_M1a	EXACT_ENTREZ_WITH_EXACT_SYMBOL_SUPPORT	FALSE	1	PRF1	5551	PRF1	8.57183699819863	8.5546919045	1.02348682468461	1.01167525653473	6.532600952	10.82627849	8.5546919045	TRUE	1	1.02348682468461	TRUE	1	Highest variance across all 146 samples; lexicographically smallest probe ID for exact ties
8575	ILMN_1758474	PRKRA	VIR_M1a;VIR_M2	EXACT_ENTREZ_WITH_EXACT_SYMBOL_SUPPORT	FALSE	1	PRKRA	8575	PRKRA	7.17161627796575	7.1647047645	0.103569987152281	0.321822912721082	6.330035121	7.782304817	7.1647047645	TRUE	1	0.103569987152281	TRUE	1	Highest variance across all 146 samples; lexicographically smallest probe ID for exact ties
5734	ILMN_1795930	PTGER4	VIR_M2	EXACT_ENTREZ_WITH_EXACT_SYMBOL_SUPPORT	FALSE	1	PTGER4	5734	PTGER4	7.4430032075274	7.4371713555	0.20465322114769	0.452386141639739	6.297113072	8.517269745	7.4371713555	TRUE	1	0.20465322114769	TRUE	1	Highest variance across all 146 samples; lexicographically smallest probe ID for exact ties
5781	ILMN_1778236	PTPN11	VIR_M1b	EXACT_ENTREZ_WITH_EXACT_SYMBOL_SUPPORT	FALSE	1	PTPN11	5781	PTPN11	7.46864946128767	7.4850692945	0.160774743229775	0.400967259548426	6.504895489	8.382829472	7.4850692945	TRUE	1	0.160774743229775	TRUE	1	Highest variance across all 146 samples; lexicographically smallest probe ID for exact ties
5996	ILMN_1656011	RGS1	VIR_M2	EXACT_ENTREZ_WITH_EXACT_SYMBOL_SUPPORT	FALSE	1	RGS1	5996	RGS1	6.09241056047945	6.0563166475	0.120039551107386	0.34646724391692	5.693854045	8.509878459	6.0563166475	TRUE	1	0.120039551107386	TRUE	1	Highest variance across all 146 samples; lexicographically smallest probe ID for exact ties
23586	ILMN_1797001	RIGI	VIR_M1a;VIR_M1b	EXACT_ENTREZ_HISTORICAL_OR_ALTERNATE_SYMBOL	TRUE	1	DDX58	23586	DDX58	7.38092479879452	7.192969963	0.732119560379745	0.855639854366161	6.061452647	10.35930101	7.192969963	TRUE	1	0.732119560379745	TRUE	1	Highest variance across all 146 samples; lexicographically smallest probe ID for exact ties
8767	ILMN_1758939	RIPK2	VIR_M1a;VIR_M1b;VIR_M2	EXACT_ENTREZ_WITH_EXACT_SYMBOL_SUPPORT	FALSE	1	RIPK2	8767	RIPK2	7.42001972656849	7.302266391	0.179610181108303	0.423804413743301	6.648282075	9.262785797	7.302266391	TRUE	1	0.179610181108303	TRUE	1	Highest variance across all 146 samples; lexicographically smallest probe ID for exact ties
6138	ILMN_1762747	RPL15	BACT_M1	EXACT_ENTREZ_WITH_EXACT_SYMBOL_SUPPORT	FALSE	1	RPL15	6138	RPL15	10.1089102200685	10.203911525	0.612886875073704	0.782870918525975	7.968192099	11.6530954	10.203911525	TRUE	1	0.612886875073704	TRUE	1	Highest variance across all 146 samples; lexicographically smallest probe ID for exact ties
6139	ILMN_2383097	RPL17	BACT_M1	EXACT_ENTREZ_WITH_EXACT_SYMBOL_SUPPORT	FALSE	3	RPL17	6139	RPL17	10.6688142060342	10.70231953	1.63095934392829	1.27709018629394	7.756331263	13.00390354	10.70698779	FALSE	1	1.63095934392829	TRUE	1	Highest variance across all 146 samples; lexicographically smallest probe ID for exact ties
9349	ILMN_1755115	RPL23	BACT_M1	EXACT_ENTREZ_WITH_EXACT_SYMBOL_SUPPORT	FALSE	1	RPL23	9349	RPL23	8.35240534413699	8.0477174095	1.36644838019392	1.16895182971494	6.233333064	10.96675345	8.0477174095	TRUE	1	1.36644838019392	TRUE	1	Highest variance across all 146 samples; lexicographically smallest probe ID for exact ties
6154	ILMN_1731546	RPL26	BACT_M1	EXACT_ENTREZ_WITH_EXACT_SYMBOL_SUPPORT	FALSE	1	RPL26	6154	RPL26	8.16775834604795	7.8390475835	1.81444256623734	1.34701245957019	6.226122502	11.49802003	7.8390475835	TRUE	1	1.81444256623734	TRUE	1	Highest variance across all 146 samples; lexicographically smallest probe ID for exact ties
51121	ILMN_2110532	RPL26L1	BACT_M1	EXACT_ENTREZ_WITH_EXACT_SYMBOL_SUPPORT	FALSE	2	RPL26L1	51121	RPL26L1	7.08618651252055	7.005121691	0.36511836005023	0.604250246214456	6.177000685	8.908267913	7.005121691	TRUE	1	0.36511836005023	TRUE	1	Highest variance across all 146 samples; lexicographically smallest probe ID for exact ties
6155	ILMN_1656807	RPL27	BACT_M1	EXACT_ENTREZ_WITH_EXACT_SYMBOL_SUPPORT	FALSE	1	RPL27	6155	RPL27	12.0024443727877	12.094898185	0.729258332346748	0.853966236069523	9.455902568	13.56323865	12.094898185	TRUE	1	0.729258332346748	TRUE	1	Highest variance across all 146 samples; lexicographically smallest probe ID for exact ties
6159	ILMN_1737517	RPL29	BACT_M1	EXACT_ENTREZ_WITH_EXACT_SYMBOL_SUPPORT	FALSE	2	RPL29	6159	RPL29	6.40256504892466	6.346494143	0.0595493235955086	0.244027300922476	5.93433413	7.338419606	6.346494143	TRUE	1	0.0595493235955086	TRUE	1	Highest variance across all 146 samples; lexicographically smallest probe ID for exact ties
6160	ILMN_1754195	RPL31	BACT_M1	EXACT_ENTREZ_WITH_EXACT_SYMBOL_SUPPORT	FALSE	1	RPL31	6160	RPL31	8.75743474289041	8.60168533	1.79954049344704	1.34146952758795	6.2788131	11.68651105	8.60168533	TRUE	1	1.79954049344704	TRUE	1	Highest variance across all 146 samples; lexicographically smallest probe ID for exact ties
6164	ILMN_1706873	RPL34	BACT_M1	EXACT_ENTREZ_WITH_EXACT_SYMBOL_SUPPORT	FALSE	2	RPL34	6164	RPL34	6.87970058014384	6.763284268	0.306364867310282	0.553502364322215	6.046755542	8.530575493	6.763284268	TRUE	1	0.306364867310282	TRUE	1	Highest variance across all 146 samples; lexicographically smallest probe ID for exact ties
6133	ILMN_1750507	RPL9	BACT_M1	EXACT_ENTREZ_WITH_EXACT_SYMBOL_SUPPORT	FALSE	3	RPL9	6133	RPL9	10.9614888771849	11.03159204	1.52608665327778	1.23534879822574	8.061696819	13.09031571	11.03159204	TRUE	1	1.52608665327778	TRUE	1	Highest variance across all 146 samples; lexicographically smallest probe ID for exact ties
6175	ILMN_1709880	RPLP0	BACT_M1	EXACT_ENTREZ_WITH_EXACT_SYMBOL_SUPPORT	FALSE	3	RPLP0	6175	RPLP0	12.0474644327123	12.10260945	0.571178214958841	0.755763332637169	9.384108176	13.37266054	12.10260945	TRUE	1	0.571178214958841	TRUE	1	Highest variance across all 146 samples; lexicographically smallest probe ID for exact ties
6210	ILMN_2337241	RPS15A	BACT_M1	EXACT_ENTREZ_WITH_EXACT_SYMBOL_SUPPORT	FALSE	3	RPS15A	6210	RPS15A	10.4103896115069	10.499514885	1.02008394542132	1.0099920521575	7.608342127	12.23374548	12.27097554	FALSE	1	1.02008394542132	TRUE	1	Highest variance across all 146 samples; lexicographically smallest probe ID for exact ties
6229	ILMN_1656625	RPS24	BACT_M1	EXACT_ENTREZ_WITH_EXACT_SYMBOL_SUPPORT	FALSE	2	RPS24	6229	RPS24	9.56069312516438	9.403291381	1.33091797872517	1.15365418506811	7.067242773	12.1386512	9.403291381	TRUE	1	1.33091797872517	TRUE	1	Highest variance across all 146 samples; lexicographically smallest probe ID for exact ties
6232	ILMN_1696839	RPS27	BACT_M1	EXACT_ENTREZ_WITH_EXACT_SYMBOL_SUPPORT	FALSE	3	RPS27	6232	RPS27	9.87680862541781	9.871646106	1.10344076337441	1.0504478870341	7.196080053	11.97431555	13.16999273	FALSE	1	1.10344076337441	TRUE	1	Highest variance across all 146 samples; lexicographically smallest probe ID for exact ties
6189	ILMN_2139943	RPS3A	BACT_M1	EXACT_ENTREZ_WITH_EXACT_SYMBOL_SUPPORT	FALSE	3	RPS3A	6189	RPS3A	10.4847239843082	10.625575865	1.62862511874222	1.2761759748335	7.553809918	12.59726879	10.625575865	TRUE	1	1.62862511874222	TRUE	1	Highest variance across all 146 samples; lexicographically smallest probe ID for exact ties
6192	ILMN_1783142	RPS4Y1	BACT_M1	EXACT_ENTREZ_WITH_EXACT_SYMBOL_SUPPORT	FALSE	1	RPS4Y1	6192	RPS4Y1	8.34442780395206	9.305845109	4.76581742440643	2.18307522188459	5.519577839	11.50132188	9.305845109	TRUE	1	4.76581742440643	TRUE	1	Highest variance across all 146 samples; lexicographically smallest probe ID for exact ties
6201	ILMN_1750722	RPS7	BACT_M1	EXACT_ENTREZ_WITH_EXACT_SYMBOL_SUPPORT	FALSE	2	RPS7	6201	RPS7	6.32976912114384	6.2772790565	0.0739305960740217	0.271901813296678	5.775714893	7.585858922	6.2772790565	TRUE	1	0.0739305960740217	TRUE	1	Highest variance across all 146 samples; lexicographically smallest probe ID for exact ties
6203	ILMN_2038772	RPS9	BACT_M1	EXACT_ENTREZ_WITH_EXACT_SYMBOL_SUPPORT	FALSE	2	RPS9	6203	RPS9	11.7582203197671	11.80757563	0.320550216773486	0.566171543592122	9.957836806	13.07890784	11.97457271	FALSE	1	0.320550216773486	TRUE	1	Highest variance across all 146 samples; lexicographically smallest probe ID for exact ties
91543	ILMN_1657871	RSAD2	VIR_M1a;VIR_M1b	EXACT_ENTREZ_WITH_EXACT_SYMBOL_SUPPORT	FALSE	1	RSAD2	91543	RSAD2	8.44276418379452	8.450099675	3.15128340422005	1.77518545628902	5.963971499	12.37141559	8.450099675	TRUE	1	3.15128340422005	TRUE	1	Highest variance across all 146 samples; lexicographically smallest probe ID for exact ties
64108	ILMN_2173975	RTP4	VIR_M1a	EXACT_ENTREZ_WITH_EXACT_SYMBOL_SUPPORT	FALSE	1	RTP4	64108	RTP4	6.91542013684247	6.776896666	0.497204771564817	0.70512748603697	6.02513053	8.949306533	6.776896666	TRUE	1	0.497204771564817	TRUE	1	Highest variance across all 146 samples; lexicographically smallest probe ID for exact ties
54809	ILMN_1814305	SAMD9	VIR_M1a	EXACT_ENTREZ_WITH_EXACT_SYMBOL_SUPPORT	FALSE	1	SAMD9	54809	SAMD9	8.79236089587671	8.720549725	0.78676687316536	0.886998801107059	6.857226598	10.96697971	8.720549725	TRUE	1	0.78676687316536	TRUE	1	Highest variance across all 146 samples; lexicographically smallest probe ID for exact ties
256987	ILMN_1789464	SERINC5	VIR_M1a	EXACT_ENTREZ_WITH_EXACT_SYMBOL_SUPPORT	FALSE	1	SERINC5	256987	SERINC5	6.22602235386301	6.200346881	0.0419274169876965	0.204761854327647	5.729372866	6.85825987	6.200346881	TRUE	1	0.0419274169876965	TRUE	1	Highest variance across all 146 samples; lexicographically smallest probe ID for exact ties
5272	ILMN_1742052	SERPINB9	VIR_M2	EXACT_ENTREZ_WITH_EXACT_SYMBOL_SUPPORT	FALSE	2	SERPINB9	5272	SERPINB9	6.38730224136301	6.348200796	0.0350883537538217	0.187318855841642	5.995716827	7.031148201	6.348200796	TRUE	1	0.0350883537538217	TRUE	1	Highest variance across all 146 samples; lexicographically smallest probe ID for exact ties
710	ILMN_1670305	SERPING1	VIR_M1a	EXACT_ENTREZ_WITH_EXACT_SYMBOL_SUPPORT	FALSE	2	SERPING1	710	SERPING1	7.49317679441781	7.067172552	1.77322575311489	1.33162522997835	5.86416737	11.38804496	7.067172552	TRUE	1	1.77322575311489	TRUE	1	Highest variance across all 146 samples; lexicographically smallest probe ID for exact ties
117157	ILMN_1701237	SH2D1B	VIR_M1a	EXACT_ENTREZ_WITH_EXACT_SYMBOL_SUPPORT	FALSE	1	SH2D1B	117157	SH2D1B	6.31901511870548	6.2461354525	0.101799498896263	0.31906033739132	5.659438859	7.259409881	6.2461354525	TRUE	1	0.101799498896263	TRUE	1	Highest variance across all 146 samples; lexicographically smallest probe ID for exact ties
23411	ILMN_1739083	SIRT1	VIR_M2	EXACT_ENTREZ_WITH_EXACT_SYMBOL_SUPPORT	FALSE	1	SIRT1	23411	SIRT1	6.78101413034247	6.7693478615	0.0945270445379078	0.307452507776255	6.057713011	7.593672081	6.7693478615	TRUE	1	0.0945270445379078	TRUE	1	Highest variance across all 146 samples; lexicographically smallest probe ID for exact ties
9016	ILMN_1743770	SLC25A14	BACT_M2	EXACT_ENTREZ_WITH_EXACT_SYMBOL_SUPPORT	FALSE	2	SLC25A14	9016	SLC25A14	6.47093521815754	6.4696005795	0.0330002984946759	0.181659842823547	5.913400252	6.887359437	6.4696005795	TRUE	1	0.0330002984946759	TRUE	1	Highest variance across all 146 samples; lexicographically smallest probe ID for exact ties
91607	ILMN_1752520	SLFN11	VIR_M1a	EXACT_ENTREZ_WITH_EXACT_SYMBOL_SUPPORT	FALSE	2	SLFN11	91607	SLFN11	7.88875196226027	7.9147124225	0.158037597068749	0.397539428319694	6.736655513	8.954224803	7.9147124225	TRUE	1	0.158037597068749	TRUE	1	Highest variance across all 146 samples; lexicographically smallest probe ID for exact ties
146857	ILMN_2215862	SLFN13	VIR_M1a	EXACT_ENTREZ_WITH_EXACT_SYMBOL_SUPPORT	FALSE	1	SLFN13	146857	SLFN13	6.30506902667808	6.271211437	0.0441985308868444	0.210234466457915	5.899706292	7.576348947	6.271211437	TRUE	1	0.0441985308868444	TRUE	1	Highest variance across all 146 samples; lexicographically smallest probe ID for exact ties
4088	ILMN_1682738	SMAD3	VIR_M2	EXACT_ENTREZ_WITH_EXACT_SYMBOL_SUPPORT	FALSE	1	SMAD3	4088	SMAD3	7.37934114681507	7.4243616715	0.122887758577264	0.350553503159309	6.378950854	8.112661586	7.4243616715	TRUE	1	0.122887758577264	TRUE	1	Highest variance across all 146 samples; lexicographically smallest probe ID for exact ties
27293	ILMN_1789913	SMPDL3B	VIR_M1a	EXACT_ENTREZ_WITH_EXACT_SYMBOL_SUPPORT	FALSE	3	SMPDL3B	27293	SMPDL3B	5.83950681769863	5.832699262	0.0197977836524847	0.140704597126337	5.513868393	6.278562912	6.003757996	FALSE	1	0.0197977836524847	TRUE	1	Highest variance across all 146 samples; lexicographically smallest probe ID for exact ties
8651	ILMN_1774733	SOCS1	VIR_M2	EXACT_ENTREZ_WITH_EXACT_SYMBOL_SUPPORT	FALSE	1	SOCS1	8651	SOCS1	7.28549841081507	7.0778340375	0.711148644428158	0.843296296937297	6.2605048	9.934736038	7.0778340375	TRUE	1	0.711148644428158	TRUE	1	Highest variance across all 146 samples; lexicographically smallest probe ID for exact ties
10417	ILMN_1676099	SPON2	VIR_M1a;VIR_M2	EXACT_ENTREZ_WITH_EXACT_SYMBOL_SUPPORT	FALSE	1	SPON2	10417	SPON2	6.06458568667123	6.075691902	0.052633736996008	0.229420437180317	5.507041971	6.938778231	6.075691902	TRUE	1	0.052633736996008	TRUE	1	Highest variance across all 146 samples; lexicographically smallest probe ID for exact ties
6714	ILMN_1729987	SRC	VIR_M1a	EXACT_ENTREZ_WITH_EXACT_SYMBOL_SUPPORT	FALSE	3	SRC	6714	SRC	7.29760272232877	7.22842478	0.293141079665609	0.541425045288459	6.302558638	8.816872894	7.22842478	TRUE	1	0.293141079665609	TRUE	1	Highest variance across all 146 samples; lexicographically smallest probe ID for exact ties
6772	ILMN_1690105	STAT1	VIR_M1a;VIR_M1b	EXACT_ENTREZ_WITH_EXACT_SYMBOL_SUPPORT	FALSE	3	STAT1	6772	STAT1	9.09738407606849	9.186810028	1.10338545224032	1.05042155929909	6.708558328	11.3662511	11.26050709	FALSE	1	1.10338545224032	TRUE	1	Highest variance across all 146 samples; lexicographically smallest probe ID for exact ties
6773	ILMN_1690921	STAT2	VIR_M1a;VIR_M1b	EXACT_ENTREZ_WITH_EXACT_SYMBOL_SUPPORT	FALSE	1	STAT2	6773	STAT2	10.8708450278014	10.82075189	0.855719890402972	0.925051290687696	8.743067354	13.03327736	10.82075189	TRUE	1	0.855719890402972	TRUE	1	Highest variance across all 146 samples; lexicographically smallest probe ID for exact ties
10010	ILMN_1715069	TANK	VIR_M1a;VIR_M1b	EXACT_ENTREZ_WITH_EXACT_SYMBOL_SUPPORT	FALSE	4	TANK	10010	TANK	8.75138145222603	8.769513781	0.300072563776839	0.547788794862435	7.312745812	10.89608933	8.769513781	TRUE	1	0.300072563776839	TRUE	1	Highest variance across all 146 samples; lexicographically smallest probe ID for exact ties
6938	ILMN_2314007	TCF12	VIR_M2	EXACT_ENTREZ_WITH_EXACT_SYMBOL_SUPPORT	FALSE	3	TCF12	6938	TCF12	6.90104813890411	6.872183425	0.0922325628346622	0.303698144272668	6.075977572	7.572784078	6.872183425	TRUE	1	0.0922325628346622	TRUE	1	Highest variance across all 146 samples; lexicographically smallest probe ID for exact ties
6932	ILMN_1676470	TCF7	VIR_M2	EXACT_ENTREZ_WITH_EXACT_SYMBOL_SUPPORT	FALSE	6	TCF7	6932	TCF7	7.04707728870548	7.0304102095	0.264675451873621	0.514466181467374	6.020661964	8.132313798	7.0304102095	TRUE	1	0.264675451873621	TRUE	1	Highest variance across all 146 samples; lexicographically smallest probe ID for exact ties
7049	ILMN_1784287	TGFBR3	VIR_M2	EXACT_ENTREZ_WITH_EXACT_SYMBOL_SUPPORT	FALSE	1	TGFBR3	7049	TGFBR3	7.41835219191781	7.308534761	0.678399177738227	0.823649912121787	6.166362252	9.735645711	7.308534761	TRUE	1	0.678399177738227	TRUE	1	Highest variance across all 146 samples; lexicographically smallest probe ID for exact ties
353376	ILMN_1651346	TICAM2	VIR_M1a	EXACT_ENTREZ_WITH_EXACT_SYMBOL_SUPPORT	FALSE	1	TICAM2	353376	TICAM2	7.44204305714384	7.4223709065	0.137873064574844	0.371312623775229	6.619940407	8.63855574	7.4223709065	TRUE	1	0.137873064574844	TRUE	1	Highest variance across all 146 samples; lexicographically smallest probe ID for exact ties
7098	ILMN_2155708	TLR3	VIR_M1a;VIR_M1b;VIR_M2	EXACT_ENTREZ_WITH_EXACT_SYMBOL_SUPPORT	FALSE	2	TLR3	7098	TLR3	5.77134445735617	5.7660565905	0.0127424235648223	0.112882343902057	5.491654795	6.051105596	6.01482211	FALSE	1	0.0127424235648223	TRUE	1	Highest variance across all 146 samples; lexicographically smallest probe ID for exact ties
51284	ILMN_1677827	TLR7	VIR_M1a;VIR_M1b;VIR_M2	EXACT_ENTREZ_WITH_EXACT_SYMBOL_SUPPORT	FALSE	1	TLR7	51284	TLR7	7.23247165105479	7.0698703315	0.465980632234464	0.682627740598391	6.13225858	10.01906208	7.0698703315	TRUE	1	0.465980632234464	TRUE	1	Highest variance across all 146 samples; lexicographically smallest probe ID for exact ties
84233	ILMN_2217809	TMEM126A	BACT_M2	EXACT_ENTREZ_WITH_EXACT_SYMBOL_SUPPORT	FALSE	1	TMEM126A	84233	TMEM126A	7.41665784206164	7.388407491	0.312699043206736	0.559194995691785	6.419826933	8.949087607	7.388407491	TRUE	1	0.312699043206736	TRUE	1	Highest variance across all 146 samples; lexicographically smallest probe ID for exact ties
25880	ILMN_2230998	TMEM186	BACT_M2	EXACT_ENTREZ_WITH_EXACT_SYMBOL_SUPPORT	FALSE	1	TMEM186	25880	TMEM186	6.16039197630822	6.171173766	0.00859308925276158	0.0926989172146125	5.654953694	6.415397539	6.171173766	TRUE	1	0.00859308925276158	TRUE	1	Highest variance across all 146 samples; lexicographically smallest probe ID for exact ties
7293	ILMN_2112256	TNFRSF4	VIR_M2	EXACT_ENTREZ_WITH_EXACT_SYMBOL_SUPPORT	FALSE	2	TNFRSF4	7293	TNFRSF4	6.56584108393151	6.474641828	0.132205209647686	0.363600343299736	5.959870331	7.700609818	6.474641828	TRUE	1	0.132205209647686	TRUE	1	Highest variance across all 146 samples; lexicographically smallest probe ID for exact ties
8743	ILMN_1801307	TNFSF10	VIR_M2	EXACT_ENTREZ_WITH_EXACT_SYMBOL_SUPPORT	FALSE	1	TNFSF10	8743	TNFSF10	10.0135891043904	9.920512042	0.761158732866141	0.872444114465873	7.986782794	12.4897762	9.920512042	TRUE	1	0.761158732866141	TRUE	1	Highest variance across all 146 samples; lexicographically smallest probe ID for exact ties
9966	ILMN_2106380	TNFSF15	VIR_M2	EXACT_ENTREZ_WITH_EXACT_SYMBOL_SUPPORT	FALSE	2	TNFSF15	9966	TNFSF15	7.28965473686986	7.248703615	0.16440823496302	0.40547285354635	6.507556411	9.165848926	7.248703615	TRUE	1	0.16440823496302	TRUE	1	Highest variance across all 146 samples; lexicographically smallest probe ID for exact ties
7292	ILMN_2089875	TNFSF4	VIR_M1a;VIR_M2	EXACT_ENTREZ_WITH_EXACT_SYMBOL_SUPPORT	FALSE	2	TNFSF4	7292	TNFSF4	6.45327864861644	6.4088773755	0.0783895860015631	0.279981402956631	5.988521518	7.462401053	6.4088773755	TRUE	1	0.0783895860015631	TRUE	1	Highest variance across all 146 samples; lexicographically smallest probe ID for exact ties
944	ILMN_1761778	TNFSF8	VIR_M2	EXACT_ENTREZ_WITH_EXACT_SYMBOL_SUPPORT	FALSE	1	TNFSF8	944	TNFSF8	6.25674063984932	6.2494353265	0.0334606877999024	0.182922627905632	5.795763381	6.940830182	6.2494353265	TRUE	1	0.0334606877999024	TRUE	1	Highest variance across all 146 samples; lexicographically smallest probe ID for exact ties
8744	ILMN_1751464	TNFSF9	VIR_M2	EXACT_ENTREZ_WITH_EXACT_SYMBOL_SUPPORT	FALSE	1	TNFSF9	8744	TNFSF9	6.08478387671233	6.102096447	0.0110331930977985	0.105039007505776	5.70195849	6.403359449	6.102096447	TRUE	1	0.0110331930977985	TRUE	1	Highest variance across all 146 samples; lexicographically smallest probe ID for exact ties
9868	ILMN_1746426	TOMM70	VIR_M1b	EXACT_ENTREZ_HISTORICAL_OR_ALTERNATE_SYMBOL	TRUE	1	TOMM70A	9868	TOMM70A	7.81611611572603	7.797408761	0.153176127482775	0.39137721891134	7.094667252	9.001901105	7.797408761	TRUE	1	0.153176127482775	TRUE	1	Highest variance across all 146 samples; lexicographically smallest probe ID for exact ties
9618	ILMN_1745976	TRAF4	VIR_M1a	EXACT_ENTREZ_WITH_EXACT_SYMBOL_SUPPORT	FALSE	2	TRAF4	9618	TRAF4	5.88809225506164	5.891256395	0.0261599255190427	0.161740302704807	5.462087728	6.36775608	6.1125833895	FALSE	1	0.0261599255190427	TRUE	1	Highest variance across all 146 samples; lexicographically smallest probe ID for exact ties
11277	ILMN_1770955	TREX1	VIR_M1a;VIR_M1b	EXACT_ENTREZ_WITH_EXACT_SYMBOL_SUPPORT	FALSE	2	TREX1	11277	TREX1	5.92238613826712	5.9413217835	0.0179355588967822	0.133923705507211	5.449448009	6.280950496	5.967492194	FALSE	1	0.0179355588967822	TRUE	1	Highest variance across all 146 samples; lexicographically smallest probe ID for exact ties
9830	ILMN_1772689	TRIM14	VIR_M1a	EXACT_ENTREZ_WITH_EXACT_SYMBOL_SUPPORT	FALSE	4	TRIM14	9830	TRIM14	6.37228612178082	6.217624595	0.2079338039582	0.455997592053072	5.741723788	8.620651906	6.217624595	TRUE	1	0.2079338039582	TRUE	1	Highest variance across all 146 samples; lexicographically smallest probe ID for exact ties
10346	ILMN_1779252	TRIM22	VIR_M1a;VIR_M2	EXACT_ENTREZ_WITH_EXACT_SYMBOL_SUPPORT	FALSE	1	TRIM22	10346	TRIM22	9.3109811214589	9.388353578	0.961498460101503	0.980560278668019	7.058867106	11.42041589	9.388353578	TRUE	1	0.961498460101503	TRUE	1	Highest variance across all 146 samples; lexicographically smallest probe ID for exact ties
22954	ILMN_1654737	TRIM32	VIR_M1a	EXACT_ENTREZ_WITH_EXACT_SYMBOL_SUPPORT	FALSE	1	TRIM32	22954	TRIM32	6.33115546476712	6.3323380745	0.0295181059096118	0.171808340628771	5.893153221	6.830963413	6.3323380745	TRUE	1	0.0295181059096118	TRUE	1	Highest variance across all 146 samples; lexicographically smallest probe ID for exact ties
23087	ILMN_1671765	TRIM35	VIR_M1a	EXACT_ENTREZ_WITH_EXACT_SYMBOL_SUPPORT	FALSE	2	TRIM35	23087	TRIM35	6.09470372309589	6.126852021	0.00952099217508411	0.0975755716103375	5.689662077	6.260331809	6.126852021	TRUE	1	0.00952099217508411	TRUE	1	Highest variance across all 146 samples; lexicographically smallest probe ID for exact ties
10475	ILMN_1697971	TRIM38	VIR_M1a	EXACT_ENTREZ_WITH_EXACT_SYMBOL_SUPPORT	FALSE	1	TRIM38	10475	TRIM38	8.48044124163699	8.430250396	0.379807904954139	0.616285570944297	7.38886686	10.62623412	8.430250396	TRUE	1	0.379807904954139	TRUE	1	Highest variance across all 146 samples; lexicographically smallest probe ID for exact ties
85363	ILMN_1704972	TRIM5	VIR_M1a	EXACT_ENTREZ_WITH_EXACT_SYMBOL_SUPPORT	FALSE	3	TRIM5	85363	TRIM5	7.32559481989041	7.207895336	0.421793302610785	0.64945615911375	6.225391818	9.658597702	7.207895336	TRUE	1	0.421793302610785	TRUE	1	Highest variance across all 146 samples; lexicographically smallest probe ID for exact ties
84851	ILMN_1754130	TRIM52	VIR_M1a	EXACT_ENTREZ_WITH_EXACT_SYMBOL_SUPPORT	FALSE	1	TRIM52	84851	TRIM52	7.14255693812329	7.1035892305	0.105498168015757	0.324804815259499	6.417361414	8.077061917	7.1035892305	TRUE	1	0.105498168015757	TRUE	1	Highest variance across all 146 samples; lexicographically smallest probe ID for exact ties
117854	ILMN_1656910	TRIM6	VIR_M1a;VIR_M1b	EXACT_ENTREZ_WITH_EXACT_SYMBOL_SUPPORT	FALSE	2	TRIM6	117854	TRIM6	6.24535859008219	6.1550127505	0.105705350107858	0.325123592050559	5.67474114	7.286188383	6.1550127505	TRUE	1	0.105705350107858	TRUE	1	Highest variance across all 146 samples; lexicographically smallest probe ID for exact ties
7311	ILMN_2368576	UBA52	BACT_M1	EXACT_ENTREZ_WITH_EXACT_SYMBOL_SUPPORT	FALSE	2	UBA52	7311	UBA52	7.12979903460274	7.1129634275	0.145272703086937	0.381146563787392	6.297225187	8.024027401	13.693099075	FALSE	1	0.145272703086937	TRUE	1	Highest variance across all 146 samples; lexicographically smallest probe ID for exact ties
9246	ILMN_1769520	UBE2L6	VIR_M1a	EXACT_ENTREZ_WITH_EXACT_SYMBOL_SUPPORT	FALSE	3	UBE2L6	9246	UBE2L6	11.5523875015822	11.66135486	0.83504461649195	0.91380775685696	9.4208499	13.24430797	11.66135486	TRUE	1	0.83504461649195	TRUE	1	Highest variance across all 146 samples; lexicographically smallest probe ID for exact ties
8725	ILMN_1798728	URI1	VIR_M1a	EXACT_ENTREZ_HISTORICAL_OR_ALTERNATE_SYMBOL	TRUE	2	C19orf2	8725	C19ORF2	8.83264434868493	8.8939517965	0.337436782199155	0.580893090163031	7.372002467	9.928866098	8.8939517965	TRUE	1	0.337436782199155	TRUE	1	Highest variance across all 146 samples; lexicographically smallest probe ID for exact ties
29802	ILMN_1700147	VPREB3	VIR_M2	EXACT_ENTREZ_WITH_EXACT_SYMBOL_SUPPORT	FALSE	1	VPREB3	29802	VPREB3	9.0277312905274	9.0352781175	0.859728431758329	0.927215418205677	6.82876792	11.65377862	9.0352781175	TRUE	1	0.859728431758329	TRUE	1	Highest variance across all 146 samples; lexicographically smallest probe ID for exact ties
9213	ILMN_2104106	XPR1	VIR_M1a	EXACT_ENTREZ_WITH_EXACT_SYMBOL_SUPPORT	FALSE	2	XPR1	9213	XPR1	7.19604302958219	7.21955692	0.0738715132430291	0.271793144216386	6.124598012	7.997019504	7.21955692	TRUE	1	0.0738715132430291	TRUE	1	Highest variance across all 146 samples; lexicographically smallest probe ID for exact ties
81030	ILMN_1765994	ZBP1	VIR_M1a	EXACT_ENTREZ_WITH_EXACT_SYMBOL_SUPPORT	FALSE	1	ZBP1	81030	ZBP1	9.33064382708904	9.167904955	1.65929562993849	1.28813649507282	6.922797592	12.3787495	9.167904955	TRUE	1	1.65929562993849	TRUE	1	Highest variance across all 146 samples; lexicographically smallest probe ID for exact ties
22890	ILMN_1750246	ZBTB1	VIR_M1a;VIR_M2	EXACT_ENTREZ_WITH_EXACT_SYMBOL_SUPPORT	FALSE	1	ZBTB1	22890	ZBTB1	5.92624272122603	5.9247083795	0.0124127715969747	0.111412618661329	5.637065397	6.252996702	5.9247083795	TRUE	1	0.0124127715969747	TRUE	1	Highest variance across all 146 samples; lexicographically smallest probe ID for exact ties
57621	ILMN_1766247	ZBTB2	VIR_M2	EXACT_ENTREZ_WITH_EXACT_SYMBOL_SUPPORT	FALSE	1	ZBTB2	57621	ZBTB2	6.0679943119589	6.1025971885	0.0110277665588149	0.105013173263238	5.691835386	6.21744042	6.1025971885	TRUE	1	0.0110277665588149	TRUE	1	Highest variance across all 146 samples; lexicographically smallest probe ID for exact ties
26137	ILMN_1689456	ZBTB20	VIR_M1b;VIR_M2	EXACT_ENTREZ_WITH_EXACT_SYMBOL_SUPPORT	FALSE	1	ZBTB20	26137	ZBTB20	7.70597466889726	7.655431318	0.173037112181984	0.415977297676188	6.669596089	8.91782715	7.655431318	TRUE	1	0.173037112181984	TRUE	1	Highest variance across all 146 samples; lexicographically smallest probe ID for exact ties
7597	ILMN_2048982	ZBTB25	VIR_M2	EXACT_ENTREZ_WITH_EXACT_SYMBOL_SUPPORT	FALSE	2	ZBTB25	7597	ZBTB25	6.44372080184932	6.4357829815	0.052310886477183	0.228715732902621	5.863912668	7.052110921	6.4357829815	TRUE	1	0.052310886477183	TRUE	1	Highest variance across all 146 samples; lexicographically smallest probe ID for exact ties
57684	ILMN_1718668	ZBTB26	VIR_M2	EXACT_ENTREZ_WITH_EXACT_SYMBOL_SUPPORT	FALSE	1	ZBTB26	57684	ZBTB26	5.9505793190137	5.959847581	0.0153015722379823	0.12369952400063	5.551132735	6.183445418	5.959847581	TRUE	1	0.0153015722379823	TRUE	1	Highest variance across all 146 samples; lexicographically smallest probe ID for exact ties
10009	ILMN_1673138	ZBTB33	VIR_M2	EXACT_ENTREZ_WITH_EXACT_SYMBOL_SUPPORT	FALSE	1	ZBTB33	10009	ZBTB33	8.22820044604795	8.206867431	0.203495538377492	0.451104797555393	7.22830912	9.222228038	8.206867431	TRUE	1	0.203495538377492	TRUE	1	Highest variance across all 146 samples; lexicographically smallest probe ID for exact ties
84614	ILMN_1785960	ZBTB37	VIR_M2	EXACT_ENTREZ_WITH_EXACT_SYMBOL_SUPPORT	FALSE	1	ZBTB37	84614	ZBTB37	5.84589285654795	5.844006355	0.0191978936815658	0.138556463875078	5.446661936	6.1508716	5.844006355	TRUE	1	0.0191978936815658	TRUE	1	Highest variance across all 146 samples; lexicographically smallest probe ID for exact ties
9880	ILMN_1681154	ZBTB39	VIR_M2	EXACT_ENTREZ_WITH_EXACT_SYMBOL_SUPPORT	FALSE	1	ZBTB39	9880	ZBTB39	6.14734487126027	6.1540192095	0.00795855744951931	0.089210747387965	5.779947547	6.348094603	6.1540192095	TRUE	1	0.00795855744951931	TRUE	1	Highest variance across all 146 samples; lexicographically smallest probe ID for exact ties
166793	ILMN_2103388	ZBTB49	VIR_M2	EXACT_ENTREZ_HISTORICAL_OR_ALTERNATE_SYMBOL	TRUE	1	ZNF509	166793	ZNF509	6.73336617515753	6.723584658	0.0582959384835747	0.241445518665339	6.148247844	7.414267276	6.723584658	TRUE	1	0.0582959384835747	TRUE	1	Highest variance across all 146 samples; lexicographically smallest probe ID for exact ties
10773	ILMN_1727218	ZBTB6	VIR_M2	EXACT_ENTREZ_WITH_EXACT_SYMBOL_SUPPORT	FALSE	1	ZBTB6	10773	ZBTB6	6.13116877269178	6.1387836495	0.0109119209355692	0.104460140415228	5.721074094	6.753055492	6.1387836495	TRUE	1	0.0109119209355692	TRUE	1	Highest variance across all 146 samples; lexicographically smallest probe ID for exact ties
56829	ILMN_1729973	ZC3HAV1	VIR_M1a;VIR_M1b	EXACT_ENTREZ_WITH_EXACT_SYMBOL_SUPPORT	FALSE	3	ZC3HAV1	56829	ZC3HAV1	7.65070498919863	7.548599832	0.351814293323034	0.593139354050154	6.435758459	9.913067797	9.1213707265	FALSE	1	0.351814293323034	TRUE	1	Highest variance across all 146 samples; lexicographically smallest probe ID for exact ties
85364	ILMN_1786852	ZCCHC3	VIR_M1a	EXACT_ENTREZ_WITH_EXACT_SYMBOL_SUPPORT	FALSE	1	ZCCHC3	85364	ZCCHC3	6.50521200772603	6.485165339	0.0408880521432169	0.2022079428292	6.09238882	7.111301572	6.485165339	TRUE	1	0.0408880521432169	TRUE	1	Highest variance across all 146 samples; lexicographically smallest probe ID for exact ties
10771	ILMN_1754234	ZMYND11	VIR_M1a	EXACT_ENTREZ_WITH_EXACT_SYMBOL_SUPPORT	FALSE	3	ZMYND11	10771	ZMYND11	8.3723909920548	8.3606609965	0.393042110212042	0.626930706068894	7.048509197	9.880049418	8.3606609965	TRUE	1	0.393042110212042	TRUE	1	Highest variance across all 146 samples; lexicographically smallest probe ID for exact ties
7690	ILMN_2178088	ZNF131	VIR_M2	EXACT_ENTREZ_WITH_EXACT_SYMBOL_SUPPORT	FALSE	1	ZNF131	7690	ZNF131	5.96018510706849	5.9954997835	0.0243197265986447	0.15594783293988	5.429987301	6.201821069	5.9954997835	TRUE	1	0.0243197265986447	TRUE	1	Highest variance across all 146 samples; lexicographically smallest probe ID for exact ties
7693	ILMN_1768809	ZNF134	VIR_M2	EXACT_ENTREZ_WITH_EXACT_SYMBOL_SUPPORT	FALSE	1	ZNF134	7693	ZNF134	6.44234209041781	6.4298352405	0.033263832967794	0.18238375192926	5.955732425	6.904472359	6.4298352405	TRUE	1	0.033263832967794	TRUE	1	Highest variance across all 146 samples; lexicographically smallest probe ID for exact ties
137209	ILMN_1802974	ZNF572	VIR_M2	EXACT_ENTREZ_WITH_EXACT_SYMBOL_SUPPORT	FALSE	1	ZNF572	137209	ZNF572	5.95048093715069	5.97019779	0.0149749459663908	0.122372161729663	5.526491376	6.172787255	5.97019779	TRUE	1	0.0149749459663908	TRUE	1	Highest variance across all 146 samples; lexicographically smallest probe ID for exact ties
