requested_entrez	requested_symbol	module_memberships	candidate_probe_count	median_rule_probe_id	median_rule_probe_median	median_rule_probe_variance	median_rule_tie_count	variance_rule_probe_id	variance_rule_probe_median	variance_rule_probe_variance	variance_rule_tie_count	same_probe_selected
57007	ACKR3	VIR_M2	2	ILMN_1798360	6.3785237495	0.0774575808801816	1	ILMN_1798360	6.3785237495	0.0774575808801816	1	TRUE
59	ACTA2	VIR_M1a	1	ILMN_1671703	7.833043507	0.605151195866906	1	ILMN_1671703	7.833043507	0.605151195866906	1	TRUE
575	ADGRB1	VIR_M1a	4	ILMN_1729529	5.995753761	0.0195509202876653	1	ILMN_1729529	5.995753761	0.0195509202876653	1	TRUE
326	AIRE	VIR_M2	3	ILMN_2261519	11.991846635	0.148579323601384	1	ILMN_2261519	11.991846635	0.148579323601384	1	TRUE
9582	APOBEC3B	VIR_M1a	1	ILMN_2219466	6.1318542415	0.0795069358436498	1	ILMN_2219466	6.1318542415	0.0795069358436498	1	TRUE
200316	APOBEC3F	VIR_M1a;VIR_M1b	4	ILMN_2296950	7.2473279915	0.184768144506427	1	ILMN_2296950	7.2473279915	0.184768144506427	1	TRUE
164668	APOBEC3H	VIR_M1a	1	ILMN_1664828	6.2526991435	0.0985723301067922	1	ILMN_1664828	6.2526991435	0.0985723301067922	1	TRUE
481	ATP1B1	VIR_M1a	3	ILMN_2407824	6.2306481195	0.0209006699653696	1	ILMN_1730291	6.1146184085	0.0243265422475014	1	FALSE
498	ATP5F1A	BACT_M2	2	ILMN_1764494	11.244324385	0.14593952704552	1	ILMN_2341363	10.979470265	0.182580142204591	1	FALSE
521	ATP5ME	BACT_M2	3	ILMN_1726603	9.969166049	0.541313703785408	1	ILMN_1726603	9.969166049	0.541313703785408	1	TRUE
9551	ATP5MF	BACT_M2	2	ILMN_2310621	9.50998724	0.194166374308169	1	ILMN_2310621	9.50998724	0.194166374308169	1	TRUE
558	AXL	VIR_M1a	2	ILMN_2364521	6.0000838655	0.0695869719897528	1	ILMN_2364521	6.0000838655	0.0695869719897528	1	TRUE
64343	AZI2	VIR_M1a;VIR_M1b	1	ILMN_1733680	6.7058752865	0.12806197289559	1	ILMN_1733680	6.7058752865	0.12806197289559	1	TRUE
596	BCL2	VIR_M1a	4	ILMN_2246956	7.784811615	0.382450510814014	1	ILMN_2246956	7.784811615	0.382450510814014	1	TRUE
640	BLK	VIR_M1a	1	ILMN_1668277	8.072631763	0.454333401427731	1	ILMN_1668277	8.072631763	0.454333401427731	1	TRUE
654	BMP6	VIR_M2	1	ILMN_1747650	6.3153029055	0.0905311178253947	1	ILMN_1747650	6.3153029055	0.0905311178253947	1	TRUE
657	BMPR1A	VIR_M2	2	ILMN_1706957	6.093692378	0.00576655550592943	1	ILMN_2095577	5.9054400555	0.0179117939404158	1	FALSE
665	BNIP3L	VIR_M1a	2	ILMN_1718961	8.5249448305	1.6955601540651	1	ILMN_1718961	8.5249448305	1.6955601540651	1	TRUE
11120	BTN2A1	VIR_M2	2	ILMN_2364852	8.4438183595	0.314638455800429	1	ILMN_2364852	8.4438183595	0.314638455800429	1	TRUE
10385	BTN2A2	VIR_M2	2	ILMN_1752758	6.2512318605	0.0124405754003831	1	ILMN_2256894	6.0367452215	0.0187712584233982	1	FALSE
54718	BTN2A3P	VIR_M2	1	ILMN_1721813	5.7909341495	0.0134018492624584	1	ILMN_1721813	5.7909341495	0.0134018492624584	1	TRUE
11119	BTN3A1	VIR_M2	2	ILMN_1802708	8.1913783965	0.391862771596207	1	ILMN_1802708	8.1913783965	0.391862771596207	1	TRUE
717	C2	VIR_M1a	1	ILMN_1710740	6.1950881985	0.0718457280563097	1	ILMN_1710740	6.1950881985	0.0718457280563097	1	TRUE
64170	CARD9	VIR_M1a;VIR_M2	1	ILMN_1712532	7.5047268655	0.193423254803039	1	ILMN_1712532	7.5047268655	0.193423254803039	1	TRUE
841	CASP8	VIR_M2	5	ILMN_1673757	6.435945578	0.0817564308746507	1	ILMN_1673757	6.435945578	0.0817564308746507	1	TRUE
847	CAT	BACT_M2	2	ILMN_1651705	9.1563273015	0.468467845523244	1	ILMN_1651705	9.1563273015	0.468467845523244	1	TRUE
868	CBLB	VIR_M2	1	ILMN_1685580	8.211643281	0.411214670935026	1	ILMN_1685580	8.211643281	0.411214670935026	1	TRUE
56477	CCL28	VIR_M2	3	ILMN_1774087	6.1905413785	0.0138409680887194	1	ILMN_2228845	6.0609393195	0.0151816665324907	1	FALSE
6355	CCL8	VIR_M1a	1	ILMN_1772964	6.105062017	1.25623603789467	1	ILMN_1772964	6.105062017	1.25623603789467	1	TRUE
1230	CCR1	VIR_M2	1	ILMN_1678833	8.504277685	0.689474464086939	1	ILMN_1678833	8.504277685	0.689474464086939	1	TRUE
1232	CCR3	VIR_M2	2	ILMN_1763322	6.9431633855	0.627024079522719	1	ILMN_1763322	6.9431633855	0.627024079522719	1	TRUE
1233	CCR4	VIR_M2	1	ILMN_2086143	5.9583057685	0.0267439525914152	1	ILMN_2086143	5.9583057685	0.0267439525914152	1	TRUE
1234	CCR5	VIR_M2	2	ILMN_2145033	6.0148344385	0.0183150275371369	1	ILMN_2145033	6.0148344385	0.0183150275371369	1	TRUE
1235	CCR6	VIR_M2	3	ILMN_2387696	13.13694687	0.0756476056065983	1	ILMN_1690907	7.798099416	0.465397433344958	1	FALSE
1236	CCR7	VIR_M2	1	ILMN_1715131	10.18743138	0.832194396426812	1	ILMN_1715131	10.18743138	0.832194396426812	1	TRUE
10803	CCR9	VIR_M2	2	ILMN_2337386	6.1331452905	0.0456563383964988	1	ILMN_2337386	6.1331452905	0.0456563383964988	1	TRUE
11126	CD160	VIR_M1a	1	ILMN_1742001	6.2096576925	0.147010855841454	1	ILMN_1742001	6.2096576925	0.147010855841454	1	TRUE
8763	CD164	VIR_M2	1	ILMN_1783852	6.46360656	0.0668792218072775	1	ILMN_1783852	6.46360656	0.0668792218072775	1	TRUE
912	CD1D	VIR_M1a;VIR_M2	2	ILMN_1719433	7.9028132765	0.364997871298303	1	ILMN_1719433	7.9028132765	0.364997871298303	1	TRUE
958	CD40	VIR_M1a	2	ILMN_1779257	6.4802504895	0.103305504201061	1	ILMN_1779257	6.4802504895	0.103305504201061	1	TRUE
941	CD80	VIR_M2	1	ILMN_1716736	5.97178377	0.0198996938581603	1	ILMN_1716736	5.97178377	0.0198996938581603	1	TRUE
10225	CD96	VIR_M2	2	ILMN_2415786	8.2222081285	0.553956188200721	1	ILMN_2415786	8.2222081285	0.553956188200721	1	TRUE
1021	CDK6	VIR_M1a	1	ILMN_1802615	7.267569543	0.204295652321077	1	ILMN_1802615	7.267569543	0.204295652321077	1	TRUE
10462	CLEC10A	VIR_M1a	3	ILMN_2415303	6.1578535405	0.0497739869322472	1	ILMN_2415303	6.1578535405	0.0497739869322472	1	TRUE
1240	CMKLR1	VIR_M2	1	ILMN_1673030	6.1435028455	0.0744762824933935	1	ILMN_1673030	6.1435028455	0.0744762824933935	1	TRUE
1380	CR2	VIR_M2	3	ILMN_2369666	6.3610282685	0.05848251176341	1	ILMN_2369666	6.3610282685	0.05848251176341	1	TRUE
58487	CREBZF	VIR_M1a	1	ILMN_1784847	6.220460872	0.0222501391565595	1	ILMN_1784847	6.220460872	0.0222501391565595	1	TRUE
1435	CSF1	VIR_M1a	3	ILMN_1733402	5.922732855	0.0168231907343316	1	ILMN_2302947	5.7176756615	0.0196732996906212	1	FALSE
1514	CTSL	VIR_M2	3	ILMN_1812995	7.433952966	0.651018931928879	1	ILMN_2374036	7.416407898	0.668972469693792	1	FALSE
643	CXCR5	VIR_M2	3	ILMN_2337928	8.1087731785	0.568672854059551	1	ILMN_2337928	8.1087731785	0.568672854059551	1	TRUE
57105	CYSLTR2	VIR_M2	1	ILMN_1773204	5.9131507715	0.0203324806699342	1	ILMN_1773204	5.9131507715	0.0203324806699342	1	TRUE
10521	DDX17	VIR_M1a	3	ILMN_2371590	9.38906371	0.285532452521969	1	ILMN_1675124	8.781524467	0.620075383240098	1	FALSE
9188	DDX21	VIR_M1a	1	ILMN_1735461	8.0183419185	0.213073274739157	1	ILMN_1735461	8.0183419185	0.213073274739157	1	TRUE
1654	DDX3X	VIR_M1a;VIR_M1b	2	ILMN_1794392	9.4184411585	0.284084250410274	1	ILMN_1794392	9.4184411585	0.284084250410274	1	TRUE
55601	DDX60	VIR_M1a	1	ILMN_1795181	7.158817507	0.697310426027222	1	ILMN_1795181	7.158817507	0.697310426027222	1	TRUE
1672	DEFB1	VIR_M1a;VIR_M2	1	ILMN_1686573	6.0162290905	0.363290492320262	1	ILMN_1686573	6.0162290905	0.363290492320262	1	TRUE
79132	DHX58	VIR_M1a	1	ILMN_1678422	6.920298322	0.869109626208126	1	ILMN_1678422	6.920298322	0.869109626208126	1	TRUE
151636	DTX3L	VIR_M1a	1	ILMN_1784380	6.4026804975	0.118048075111669	1	ILMN_1784380	6.4026804975	0.118048075111669	1	TRUE
5610	EIF2AK2	VIR_M1a;VIR_M1b	1	ILMN_1706502	10.11177749	1.11314668186409	1	ILMN_1706502	10.11177749	1.11314668186409	1	TRUE
1979	EIF4EBP2	BACT_M1	1	ILMN_1728083	8.183865873	0.144931991258486	1	ILMN_1728083	8.183865873	0.144931991258486	1	TRUE
1997	ELF1	VIR_M2	1	ILMN_1664010	9.79833636	0.376432409211298	1	ILMN_1664010	9.79833636	0.376432409211298	1	TRUE
23052	ENDOD1	VIR_M1a	1	ILMN_1699022	6.576309099	0.107974774049966	1	ILMN_1699022	6.576309099	0.107974774049966	1	TRUE
5167	ENPP1	VIR_M2	1	ILMN_1700888	6.126395471	0.00922017434704047	1	ILMN_1700888	6.126395471	0.00922017434704047	1	TRUE
114625	ERMAP	VIR_M2	2	ILMN_1715013	6.4854519745	0.199247618731765	1	ILMN_1715013	6.4854519745	0.199247618731765	1	TRUE
2113	ETS1	VIR_M2	2	ILMN_1687538	10.721331895	0.723973876222041	1	ILMN_2122103	9.712720116	0.73811924002165	1	FALSE
5393	EXOSC9	VIR_M2	2	ILMN_1721713	6.913298713	0.074944625655148	1	ILMN_1721713	6.913298713	0.074944625655148	1	TRUE
63901	FAM111A	VIR_M1b	2	ILMN_2410038	8.754707192	0.254278244631255	1	ILMN_2410038	8.754707192	0.254278244631255	1	TRUE
355	FAS	VIR_M2	2	ILMN_2319077	6.318111765	0.0901362490336508	1	ILMN_2319077	6.318111765	0.0901362490336508	1	TRUE
2213	FCGR2B	VIR_M2	3	ILMN_1660027	6.4070250685	0.0753457569516505	1	ILMN_1660027	6.4070250685	0.0753457569516505	1	TRUE
2214	FCGR3A	VIR_M2	2	ILMN_2112580	6.7910087615	0.432247768018214	1	ILMN_1703679	6.3729954825	0.471292525925172	1	FALSE
2215	FCGR3B	VIR_M2	2	ILMN_1728639	10.95581347	1.21373458861921	1	ILMN_1728639	10.95581347	1.21373458861921	1	TRUE
50943	FOXP3	VIR_M1a	1	ILMN_1768049	5.8927100825	0.0217134203435531	1	ILMN_1768049	5.8927100825	0.0217134203435531	1	TRUE
2444	FRK	VIR_M1a	1	ILMN_1727605	5.7749398125	0.0163836856442601	1	ILMN_1727605	5.7749398125	0.0163836856442601	1	TRUE
10146	G3BP1	VIR_M1a	2	ILMN_2344455	6.7121621205	0.102417166928472	1	ILMN_2344455	6.7121621205	0.102417166928472	1	TRUE
9908	G3BP2	VIR_M1a	4	ILMN_2381753	8.536249026	0.175675399205897	1	ILMN_2381753	8.536249026	0.175675399205897	1	TRUE
2625	GATA3	VIR_M1a;VIR_M2	1	ILMN_2406656	6.224132364	0.0238843820826699	1	ILMN_2406656	6.224132364	0.0238843820826699	1	TRUE
2633	GBP1	VIR_M1a	2	ILMN_2148785	8.459834033	1.88450649783895	1	ILMN_2148785	8.459834033	1.88450649783895	1	TRUE
2635	GBP3	VIR_M1a	1	ILMN_1725314	6.187624757	0.0230061910858537	1	ILMN_1725314	6.187624757	0.0230061910858537	1	TRUE
1880	GPR183	VIR_M2	2	ILMN_1798706	7.896501239	0.483219471808006	1	ILMN_1798706	7.896501239	0.483219471808006	1	TRUE
51191	HERC5	VIR_M1a	1	ILMN_1729749	10.108377065	2.95399639977685	1	ILMN_1729749	10.108377065	2.95399639977685	1	TRUE
23119	HIC2	VIR_M2	1	ILMN_1652762	6.496665492	0.0247216273264985	1	ILMN_1652762	6.496665492	0.0247216273264985	1	TRUE
29851	ICOS	VIR_M2	1	ILMN_1669927	7.19968846	0.394116764289346	1	ILMN_1669927	7.19968846	0.394116764289346	1	TRUE
23308	ICOSLG	VIR_M2	1	ILMN_1675671	6.1921685845	0.0176796798712734	1	ILMN_1675671	6.1921685845	0.0176796798712734	1	TRUE
3429	IFI27	VIR_M1a;VIR_M1b	1	ILMN_2058782	11.825889005	7.43188678642614	1	ILMN_2058782	11.825889005	7.43188678642614	1	TRUE
3430	IFI35	VIR_M1a	1	ILMN_1745374	9.7861590835	1.19337225346105	1	ILMN_1745374	9.7861590835	1.19337225346105	1	TRUE
10561	IFI44	VIR_M1a;VIR_M2	1	ILMN_1760062	9.0937052265	3.10050539887832	1	ILMN_1760062	9.0937052265	3.10050539887832	1	TRUE
10964	IFI44L	VIR_M1a;VIR_M2	1	ILMN_1723912	10.0335805025	4.53229876641816	1	ILMN_1723912	10.0335805025	4.53229876641816	1	TRUE
2537	IFI6	VIR_M1a;VIR_M2	2	ILMN_1687384	11.27923215	1.06404923757651	1	ILMN_2347798	10.350804405	2.8327356443925	1	FALSE
64135	IFIH1	VIR_M1a;VIR_M1b	1	ILMN_1781373	7.8615467855	1.08873055490659	1	ILMN_1781373	7.8615467855	1.08873055490659	1	TRUE
3434	IFIT1	VIR_M1a;VIR_M1b	2	ILMN_1707695	8.87628572	3.76589001492073	1	ILMN_1707695	8.87628572	3.76589001492073	1	TRUE
439996	IFIT1B	VIR_M1a	1	ILMN_1759155	7.815348743	3.43814489049071	1	ILMN_1759155	7.815348743	3.43814489049071	1	TRUE
3433	IFIT2	VIR_M1a	1	ILMN_1739428	10.426653205	3.02333582050908	1	ILMN_1739428	10.426653205	3.02333582050908	1	TRUE
3437	IFIT3	VIR_M1a	3	ILMN_1701789	10.528084415	3.68358144217854	1	ILMN_1701789	10.528084415	3.68358144217854	1	TRUE
24138	IFIT5	VIR_M1a;VIR_M1b	1	ILMN_1696654	6.5934141815	0.285945460843103	1	ILMN_1696654	6.5934141815	0.285945460843103	1	TRUE
10410	IFITM3	VIR_M1a;VIR_M1b;VIR_M2	1	ILMN_1805750	12.4695558	1.6523276887168	1	ILMN_1805750	12.4695558	1.6523276887168	1	TRUE
10643	IGF2BP3	VIR_M2	1	ILMN_1807423	7.292950631	0.515892884016188	1	ILMN_1807423	7.292950631	0.515892884016188	1	TRUE
3600	IL15	VIR_M2	4	ILMN_1724181	6.610056215	0.147798797921854	1	ILMN_1724181	6.610056215	0.147798797921854	1	TRUE
3557	IL1RN	VIR_M2	3	ILMN_1774874	9.724780389	1.18513753090488	1	ILMN_1774874	9.724780389	1.18513753090488	1	TRUE
246778	IL27	VIR_M1a	1	ILMN_1753758	6.1047268285	0.109527836683425	1	ILMN_1753758	6.1047268285	0.109527836683425	1	TRUE
3559	IL2RA	VIR_M2	2	ILMN_1683774	6.157982942	0.0317442972473223	1	ILMN_1683774	6.157982942	0.0317442972473223	1	TRUE
3575	IL7R	VIR_M2	2	ILMN_1691341	10.3358395	1.08593071668031	1	ILMN_1691341	10.3358395	1.08593071668031	1	TRUE
10527	IPO7	VIR_M1a	1	ILMN_1652378	6.13199909	0.0156163621329965	1	ILMN_1652378	6.13199909	0.0156163621329965	1	TRUE
3665	IRF7	VIR_M1a;VIR_M1b	3	ILMN_1798181	10.04650167	1.56333808881472	1	ILMN_1798181	10.04650167	1.56333808881472	1	TRUE
10379	IRF9	VIR_M1a	1	ILMN_1745471	10.614183175	0.365038446899073	1	ILMN_1745471	10.614183175	0.365038446899073	1	TRUE
9636	ISG15	VIR_M1a;VIR_M1b	1	ILMN_2054019	8.86079701	3.23739723876325	1	ILMN_2054019	8.86079701	3.23739723876325	1	TRUE
3669	ISG20	VIR_M1a;VIR_M1b	1	ILMN_1659913	11.309976025	0.599590182075721	1	ILMN_1659913	11.309976025	0.599590182075721	1	TRUE
84502	JPH4	VIR_M2	1	ILMN_1758829	5.900480965	0.0167483378768072	1	ILMN_1758829	5.900480965	0.0167483378768072	1	TRUE
3802	KIR2DL1	VIR_M2	2	ILMN_1678882	6.2734853215	0.090888620744521	1	ILMN_1786810	6.1699514765	0.161878672023529	1	FALSE
3806	KIR2DS1	VIR_M2	2	ILMN_2166812	5.918618399	0.0196336578715854	1	ILMN_2166812	5.918618399	0.0196336578715854	1	TRUE
3810	KIR2DS5	VIR_M2	1	ILMN_1691803	6.2395568345	0.0676825463691701	1	ILMN_1691803	6.2395568345	0.0676825463691701	1	TRUE
3811	KIR3DL1	VIR_M2	2	ILMN_2131828	6.4915002055	0.16093191171806	1	ILMN_2131828	6.4915002055	0.16093191171806	1	TRUE
10219	KLRG1	VIR_M1a	2	ILMN_1658399	7.5780444715	0.540057652530577	1	ILMN_1658399	7.5780444715	0.540057652530577	1	TRUE
54900	LAX1	VIR_M2	1	ILMN_1769782	7.5802370965	0.337259566175593	1	ILMN_1769782	7.5802370965	0.337259566175593	1	TRUE
3976	LIF	VIR_M2	1	ILMN_1738725	5.8534856995	0.0202033554365548	1	ILMN_1738725	5.8534856995	0.0202033554365548	1	TRUE
23547	LILRA4	VIR_M1a	1	ILMN_1702385	6.041168594	0.0269850068318989	1	ILMN_1702385	6.041168594	0.0269850068318989	1	TRUE
4063	LY9	VIR_M1a	3	ILMN_1812278	7.3944428915	0.384269693730251	1	ILMN_1812278	7.3944428915	0.384269693730251	1	TRUE
10892	MALT1	VIR_M1a	2	ILMN_1730986	6.7766080155	0.0990631022191387	1	ILMN_1730986	6.7766080155	0.0990631022191387	1	TRUE
55016	MARCHF1	VIR_M2	2	ILMN_2094942	6.372430027	0.0695631426933606	1	ILMN_2094942	6.372430027	0.0695631426933606	1	TRUE
9782	MATR3	VIR_M1a	4	ILMN_1815107	8.944208888	0.431087017033369	1	ILMN_1815107	8.944208888	0.431087017033369	1	TRUE
255231	MCOLN2	VIR_M1a	1	ILMN_1660462	6.7319190845	0.207169379203618	1	ILMN_1660462	6.7319190845	0.207169379203618	1	TRUE
4191	MDH2	BACT_M2	1	ILMN_2079004	11.157570605	0.113598981644905	1	ILMN_2079004	11.157570605	0.113598981644905	1	TRUE
4210	MEFV	VIR_M1a	2	ILMN_1804738	7.047043081	0.309147039197714	1	ILMN_2115752	7.035253102	0.36055812285632	1	FALSE
9258	MFHAS1	VIR_M1a	1	ILMN_1745686	6.966941816	0.135442920881539	1	ILMN_1745686	6.966941816	0.135442920881539	1	TRUE
11043	MID2	VIR_M1a	3	ILMN_1760180	6.1452289475	0.0236849048662675	1	ILMN_1760180	6.1452289475	0.0236849048662675	1	TRUE
4343	MOV10	VIR_M1a	1	ILMN_1725700	7.243176038	0.575043203765526	1	ILMN_1725700	7.243176038	0.575043203765526	1	TRUE
28998	MRPL13	BACT_M1	1	ILMN_1671158	6.4955842375	0.196393360871961	1	ILMN_1671158	6.4955842375	0.196393360871961	1	TRUE
29093	MRPL22	BACT_M1	2	ILMN_1748819	7.9696250515	0.425165557116066	1	ILMN_1748819	7.9696250515	0.425165557116066	1	TRUE
64963	MRPS11	BACT_M1	2	ILMN_1722905	8.528275706	0.0972308775493561	1	ILMN_1722905	8.528275706	0.0972308775493561	1	TRUE
51023	MRPS18C	BACT_M1	2	ILMN_1658416	8.043840694	0.595877494538138	1	ILMN_1658416	8.043840694	0.595877494538138	1	TRUE
2206	MS4A2	VIR_M2	1	ILMN_1806721	5.9802949165	0.0320752389668392	1	ILMN_1806721	5.9802949165	0.0320752389668392	1	TRUE
113115	MTFR2	BACT_M2	2	ILMN_1697998	6.155701851	0.0130704670075018	1	ILMN_1697998	6.155701851	0.0130704670075018	1	TRUE
4599	MX1	VIR_M1a;VIR_M1b	1	ILMN_1662358	12.143252325	2.0532208755754	1	ILMN_1662358	12.143252325	2.0532208755754	1	TRUE
4600	MX2	VIR_M1a	1	ILMN_2231928	10.060708245	0.998279431254132	1	ILMN_2231928	10.060708245	0.998279431254132	1	TRUE
23138	N4BP3	VIR_M1a	1	ILMN_1678531	5.8709607175	0.0219500397694181	1	ILMN_1678531	5.8709607175	0.0219500397694181	1	TRUE
4696	NDUFA3	BACT_M2	1	ILMN_1784641	10.500074175	0.14894560063655	1	ILMN_1784641	10.500074175	0.14894560063655	1	TRUE
4697	NDUFA4	BACT_M2	1	ILMN_1751258	9.889923367	0.859071256507995	1	ILMN_1751258	9.889923367	0.859071256507995	1	TRUE
51103	NDUFAF1	BACT_M2	1	ILMN_1754421	6.457816163	0.156553471512157	1	ILMN_1754421	6.457816163	0.156553471512157	1	TRUE
91942	NDUFAF2	BACT_M2	1	ILMN_1682857	6.6087243225	0.156226630124749	1	ILMN_1682857	6.6087243225	0.156226630124749	1	TRUE
137682	NDUFAF6	BACT_M2	1	ILMN_1727618	6.2058926495	0.0256115290948149	1	ILMN_1727618	6.2058926495	0.0256115290948149	1	TRUE
55471	NDUFAF7	BACT_M2	3	ILMN_1722186	6.771230327	0.0873850655738514	1	ILMN_2394132	6.556333671	0.118797587280954	1	FALSE
4707	NDUFB1	BACT_M2	1	ILMN_1724367	6.0516192195	0.00972371219160057	1	ILMN_1724367	6.0516192195	0.00972371219160057	1	TRUE
4709	NDUFB3	BACT_M2	2	ILMN_2119945	8.561571987	0.94488500021766	1	ILMN_2119945	8.561571987	0.94488500021766	1	TRUE
4718	NDUFC2	BACT_M2	1	ILMN_1694274	6.078506635	0.024005776208582	1	ILMN_1694274	6.078506635	0.024005776208582	1	TRUE
4724	NDUFS4	BACT_M2	1	ILMN_1812312	7.5248613775	0.492906211666801	1	ILMN_1812312	7.5248613775	0.492906211666801	1	TRUE
4731	NDUFV3	BACT_M2	2	ILMN_1765500	6.2017775465	0.0140593654697435	1	ILMN_2387731	6.1236165785	0.0275409670754913	1	FALSE
64127	NOD2	VIR_M1a;VIR_M2	1	ILMN_1762594	7.5884500465	0.425876376283963	1	ILMN_1762594	7.5884500465	0.425876376283963	1	TRUE
51251	NT5C3A	VIR_M1a	2	ILMN_2352121	9.769689588	0.848257106062173	1	ILMN_2352121	9.769689588	0.848257106062173	1	TRUE
4938	OAS1	VIR_M1a;VIR_M1b	4	ILMN_2410826	8.2237200155	1.55753980755127	1	ILMN_1658247	7.9584961805	2.17675276812895	1	FALSE
4939	OAS2	VIR_M1a;VIR_M1b	4	ILMN_1674063	10.486420385	1.9031885666108	1	ILMN_1674063	10.486420385	1.9031885666108	1	TRUE
4940	OAS3	VIR_M1a;VIR_M1b	2	ILMN_1745397	8.4242722685	2.55884997565846	1	ILMN_1745397	8.4242722685	2.55884997565846	1	TRUE
8638	OASL	VIR_M1a;VIR_M1b	2	ILMN_1674811	8.5186575425	2.14563431137702	1	ILMN_1674811	8.5186575425	2.14563431137702	1	TRUE
54726	OTUD4	VIR_M1a	3	ILMN_1708203	6.4447362975	0.0496535717684842	1	ILMN_1708203	6.4447362975	0.0496535717684842	1	TRUE
5027	P2RX7	VIR_M2	1	ILMN_1759326	7.655294181	0.165955943720579	1	ILMN_1759326	7.655294181	0.165955943720579	1	TRUE
24145	PANX1	VIR_M2	1	ILMN_1697817	6.1031325415	0.0201524377857538	1	ILMN_1697817	6.1031325415	0.0201524377857538	1	TRUE
54625	PARP14	VIR_M1a	1	ILMN_1691731	8.207662051	0.690162720194685	1	ILMN_1691731	8.207662051	0.690162720194685	1	TRUE
83666	PARP9	VIR_M1a	2	ILMN_1731224	9.756454399	0.850357590696571	1	ILMN_1731224	9.756454399	0.850357590696571	1	TRUE
23598	PATZ1	VIR_M2	3	ILMN_1759297	6.148528654	0.0196781401060968	1	ILMN_2401844	6.0018957025	0.0221612986091459	1	FALSE
5295	PIK3R1	VIR_M2	5	ILMN_1760303	8.0382202915	0.127652736462811	1	ILMN_1760303	8.0382202915	0.127652736462811	1	TRUE
11040	PIM2	VIR_M1a	1	ILMN_1748283	10.0414184	0.260722985614436	1	ILMN_1748283	10.0414184	0.260722985614436	1	TRUE
122618	PLD4	VIR_M1a	1	ILMN_1695490	6.046317976	0.0161741495822009	1	ILMN_1695490	6.046317976	0.0161741495822009	1	TRUE
403313	PLPP6	VIR_M1a	1	ILMN_1802628	6.3849758825	0.030850031255783	1	ILMN_1802628	6.3849758825	0.030850031255783	1	TRUE
5359	PLSCR1	VIR_M1a;VIR_M1b	1	ILMN_1745242	7.113262435	0.564765719973445	1	ILMN_1745242	7.113262435	0.564765719973445	1	TRUE
5366	PMAIP1	VIR_M1a	2	ILMN_2098446	6.1497067935	0.0361505891074716	1	ILMN_2098446	6.1497067935	0.0361505891074716	1	TRUE
5371	PML	VIR_M1a	7	ILMN_1728019	7.4039827405	0.479596220232175	1	ILMN_1728019	7.4039827405	0.479596220232175	1	TRUE
639	PRDM1	VIR_M1a	4	ILMN_1655077	7.406612634	0.274455665129383	1	ILMN_1655077	7.406612634	0.274455665129383	1	TRUE
5551	PRF1	VIR_M1a	1	ILMN_1740633	8.5546919045	1.02348682468461	1	ILMN_1740633	8.5546919045	1.02348682468461	1	TRUE
8575	PRKRA	VIR_M1a;VIR_M2	1	ILMN_1758474	7.1647047645	0.103569987152281	1	ILMN_1758474	7.1647047645	0.103569987152281	1	TRUE
5734	PTGER4	VIR_M2	1	ILMN_1795930	7.4371713555	0.20465322114769	1	ILMN_1795930	7.4371713555	0.20465322114769	1	TRUE
5781	PTPN11	VIR_M1b	1	ILMN_1778236	7.4850692945	0.160774743229775	1	ILMN_1778236	7.4850692945	0.160774743229775	1	TRUE
5996	RGS1	VIR_M2	1	ILMN_1656011	6.0563166475	0.120039551107386	1	ILMN_1656011	6.0563166475	0.120039551107386	1	TRUE
23586	RIGI	VIR_M1a;VIR_M1b	1	ILMN_1797001	7.192969963	0.732119560379745	1	ILMN_1797001	7.192969963	0.732119560379745	1	TRUE
8767	RIPK2	VIR_M1a;VIR_M1b;VIR_M2	1	ILMN_1758939	7.302266391	0.179610181108303	1	ILMN_1758939	7.302266391	0.179610181108303	1	TRUE
6138	RPL15	BACT_M1	1	ILMN_1762747	10.203911525	0.612886875073704	1	ILMN_1762747	10.203911525	0.612886875073704	1	TRUE
6139	RPL17	BACT_M1	3	ILMN_1658283	10.70698779	1.56633391612538	1	ILMN_2383097	10.70231953	1.63095934392829	1	FALSE
9349	RPL23	BACT_M1	1	ILMN_1755115	8.0477174095	1.36644838019392	1	ILMN_1755115	8.0477174095	1.36644838019392	1	TRUE
6154	RPL26	BACT_M1	1	ILMN_1731546	7.8390475835	1.81444256623734	1	ILMN_1731546	7.8390475835	1.81444256623734	1	TRUE
51121	RPL26L1	BACT_M1	2	ILMN_2110532	7.005121691	0.36511836005023	1	ILMN_2110532	7.005121691	0.36511836005023	1	TRUE
6155	RPL27	BACT_M1	1	ILMN_1656807	12.094898185	0.729258332346748	1	ILMN_1656807	12.094898185	0.729258332346748	1	TRUE
6159	RPL29	BACT_M1	2	ILMN_1737517	6.346494143	0.0595493235955086	1	ILMN_1737517	6.346494143	0.0595493235955086	1	TRUE
6160	RPL31	BACT_M1	1	ILMN_1754195	8.60168533	1.79954049344704	1	ILMN_1754195	8.60168533	1.79954049344704	1	TRUE
6164	RPL34	BACT_M1	2	ILMN_1706873	6.763284268	0.306364867310282	1	ILMN_1706873	6.763284268	0.306364867310282	1	TRUE
6133	RPL9	BACT_M1	3	ILMN_1750507	11.03159204	1.52608665327778	1	ILMN_1750507	11.03159204	1.52608665327778	1	TRUE
6175	RPLP0	BACT_M1	3	ILMN_1709880	12.10260945	0.571178214958841	1	ILMN_1709880	12.10260945	0.571178214958841	1	TRUE
6210	RPS15A	BACT_M1	3	ILMN_1787949	12.27097554	0.926353310579098	1	ILMN_2337241	10.499514885	1.02008394542132	1	FALSE
6229	RPS24	BACT_M1	2	ILMN_1656625	9.403291381	1.33091797872517	1	ILMN_1656625	9.403291381	1.33091797872517	1	TRUE
6232	RPS27	BACT_M1	3	ILMN_1660498	13.16999273	0.544554485459612	1	ILMN_1696839	9.871646106	1.10344076337441	1	FALSE
6189	RPS3A	BACT_M1	3	ILMN_2139943	10.625575865	1.62862511874222	1	ILMN_2139943	10.625575865	1.62862511874222	1	TRUE
6192	RPS4Y1	BACT_M1	1	ILMN_1783142	9.305845109	4.76581742440643	1	ILMN_1783142	9.305845109	4.76581742440643	1	TRUE
6201	RPS7	BACT_M1	2	ILMN_1750722	6.2772790565	0.0739305960740217	1	ILMN_1750722	6.2772790565	0.0739305960740217	1	TRUE
6203	RPS9	BACT_M1	2	ILMN_1749447	11.97457271	0.300172967571853	1	ILMN_2038772	11.80757563	0.320550216773486	1	FALSE
91543	RSAD2	VIR_M1a;VIR_M1b	1	ILMN_1657871	8.450099675	3.15128340422005	1	ILMN_1657871	8.450099675	3.15128340422005	1	TRUE
64108	RTP4	VIR_M1a	1	ILMN_2173975	6.776896666	0.497204771564817	1	ILMN_2173975	6.776896666	0.497204771564817	1	TRUE
54809	SAMD9	VIR_M1a	1	ILMN_1814305	8.720549725	0.78676687316536	1	ILMN_1814305	8.720549725	0.78676687316536	1	TRUE
256987	SERINC5	VIR_M1a	1	ILMN_1789464	6.200346881	0.0419274169876965	1	ILMN_1789464	6.200346881	0.0419274169876965	1	TRUE
5272	SERPINB9	VIR_M2	2	ILMN_1742052	6.348200796	0.0350883537538217	1	ILMN_1742052	6.348200796	0.0350883537538217	1	TRUE
710	SERPING1	VIR_M1a	2	ILMN_1670305	7.067172552	1.77322575311489	1	ILMN_1670305	7.067172552	1.77322575311489	1	TRUE
117157	SH2D1B	VIR_M1a	1	ILMN_1701237	6.2461354525	0.101799498896263	1	ILMN_1701237	6.2461354525	0.101799498896263	1	TRUE
23411	SIRT1	VIR_M2	1	ILMN_1739083	6.7693478615	0.0945270445379078	1	ILMN_1739083	6.7693478615	0.0945270445379078	1	TRUE
9016	SLC25A14	BACT_M2	2	ILMN_1743770	6.4696005795	0.0330002984946759	1	ILMN_1743770	6.4696005795	0.0330002984946759	1	TRUE
91607	SLFN11	VIR_M1a	2	ILMN_1752520	7.9147124225	0.158037597068749	1	ILMN_1752520	7.9147124225	0.158037597068749	1	TRUE
146857	SLFN13	VIR_M1a	1	ILMN_2215862	6.271211437	0.0441985308868444	1	ILMN_2215862	6.271211437	0.0441985308868444	1	TRUE
4088	SMAD3	VIR_M2	1	ILMN_1682738	7.4243616715	0.122887758577264	1	ILMN_1682738	7.4243616715	0.122887758577264	1	TRUE
27293	SMPDL3B	VIR_M1a	3	ILMN_1719660	6.003757996	0.0146489920149575	1	ILMN_1789913	5.832699262	0.0197977836524847	1	FALSE
8651	SOCS1	VIR_M2	1	ILMN_1774733	7.0778340375	0.711148644428158	1	ILMN_1774733	7.0778340375	0.711148644428158	1	TRUE
10417	SPON2	VIR_M1a;VIR_M2	1	ILMN_1676099	6.075691902	0.052633736996008	1	ILMN_1676099	6.075691902	0.052633736996008	1	TRUE
6714	SRC	VIR_M1a	3	ILMN_1729987	7.22842478	0.293141079665609	1	ILMN_1729987	7.22842478	0.293141079665609	1	TRUE
6772	STAT1	VIR_M1a;VIR_M1b	3	ILMN_1691364	11.26050709	1.00168461984168	1	ILMN_1690105	9.186810028	1.10338545224032	1	FALSE
6773	STAT2	VIR_M1a;VIR_M1b	1	ILMN_1690921	10.82075189	0.855719890402972	1	ILMN_1690921	10.82075189	0.855719890402972	1	TRUE
10010	TANK	VIR_M1a;VIR_M1b	4	ILMN_1715069	8.769513781	0.300072563776839	1	ILMN_1715069	8.769513781	0.300072563776839	1	TRUE
6938	TCF12	VIR_M2	3	ILMN_2314007	6.872183425	0.0922325628346622	1	ILMN_2314007	6.872183425	0.0922325628346622	1	TRUE
6932	TCF7	VIR_M2	6	ILMN_1676470	7.0304102095	0.264675451873621	1	ILMN_1676470	7.0304102095	0.264675451873621	1	TRUE
7049	TGFBR3	VIR_M2	1	ILMN_1784287	7.308534761	0.678399177738227	1	ILMN_1784287	7.308534761	0.678399177738227	1	TRUE
353376	TICAM2	VIR_M1a	1	ILMN_1651346	7.4223709065	0.137873064574844	1	ILMN_1651346	7.4223709065	0.137873064574844	1	TRUE
7098	TLR3	VIR_M1a;VIR_M1b;VIR_M2	2	ILMN_1689578	6.01482211	0.0115609525633215	1	ILMN_2155708	5.7660565905	0.0127424235648223	1	FALSE
51284	TLR7	VIR_M1a;VIR_M1b;VIR_M2	1	ILMN_1677827	7.0698703315	0.465980632234464	1	ILMN_1677827	7.0698703315	0.465980632234464	1	TRUE
84233	TMEM126A	BACT_M2	1	ILMN_2217809	7.388407491	0.312699043206736	1	ILMN_2217809	7.388407491	0.312699043206736	1	TRUE
25880	TMEM186	BACT_M2	1	ILMN_2230998	6.171173766	0.00859308925276158	1	ILMN_2230998	6.171173766	0.00859308925276158	1	TRUE
7293	TNFRSF4	VIR_M2	2	ILMN_2112256	6.474641828	0.132205209647686	1	ILMN_2112256	6.474641828	0.132205209647686	1	TRUE
8743	TNFSF10	VIR_M2	1	ILMN_1801307	9.920512042	0.761158732866141	1	ILMN_1801307	9.920512042	0.761158732866141	1	TRUE
9966	TNFSF15	VIR_M2	2	ILMN_2106380	7.248703615	0.16440823496302	1	ILMN_2106380	7.248703615	0.16440823496302	1	TRUE
7292	TNFSF4	VIR_M1a;VIR_M2	2	ILMN_2089875	6.4088773755	0.0783895860015631	1	ILMN_2089875	6.4088773755	0.0783895860015631	1	TRUE
944	TNFSF8	VIR_M2	1	ILMN_1761778	6.2494353265	0.0334606877999024	1	ILMN_1761778	6.2494353265	0.0334606877999024	1	TRUE
8744	TNFSF9	VIR_M2	1	ILMN_1751464	6.102096447	0.0110331930977985	1	ILMN_1751464	6.102096447	0.0110331930977985	1	TRUE
9868	TOMM70	VIR_M1b	1	ILMN_1746426	7.797408761	0.153176127482775	1	ILMN_1746426	7.797408761	0.153176127482775	1	TRUE
9618	TRAF4	VIR_M1a	2	ILMN_1763104	6.1125833895	0.0102956408035127	1	ILMN_1745976	5.891256395	0.0261599255190427	1	FALSE
11277	TREX1	VIR_M1a;VIR_M1b	2	ILMN_1676997	5.967492194	0.0133182493268341	1	ILMN_1770955	5.9413217835	0.0179355588967822	1	FALSE
9830	TRIM14	VIR_M1a	4	ILMN_1772689	6.217624595	0.2079338039582	1	ILMN_1772689	6.217624595	0.2079338039582	1	TRUE
10346	TRIM22	VIR_M1a;VIR_M2	1	ILMN_1779252	9.388353578	0.961498460101503	1	ILMN_1779252	9.388353578	0.961498460101503	1	TRUE
22954	TRIM32	VIR_M1a	1	ILMN_1654737	6.3323380745	0.0295181059096118	1	ILMN_1654737	6.3323380745	0.0295181059096118	1	TRUE
23087	TRIM35	VIR_M1a	2	ILMN_1671765	6.126852021	0.00952099217508411	1	ILMN_1671765	6.126852021	0.00952099217508411	1	TRUE
10475	TRIM38	VIR_M1a	1	ILMN_1697971	8.430250396	0.379807904954139	1	ILMN_1697971	8.430250396	0.379807904954139	1	TRUE
85363	TRIM5	VIR_M1a	3	ILMN_1704972	7.207895336	0.421793302610785	1	ILMN_1704972	7.207895336	0.421793302610785	1	TRUE
84851	TRIM52	VIR_M1a	1	ILMN_1754130	7.1035892305	0.105498168015757	1	ILMN_1754130	7.1035892305	0.105498168015757	1	TRUE
117854	TRIM6	VIR_M1a;VIR_M1b	2	ILMN_1656910	6.1550127505	0.105705350107858	1	ILMN_1656910	6.1550127505	0.105705350107858	1	TRUE
7311	UBA52	BACT_M1	2	ILMN_1782977	13.693099075	0.0984694134070568	1	ILMN_2368576	7.1129634275	0.145272703086937	1	FALSE
9246	UBE2L6	VIR_M1a	3	ILMN_1769520	11.66135486	0.83504461649195	1	ILMN_1769520	11.66135486	0.83504461649195	1	TRUE
8725	URI1	VIR_M1a	2	ILMN_1798728	8.8939517965	0.337436782199155	1	ILMN_1798728	8.8939517965	0.337436782199155	1	TRUE
29802	VPREB3	VIR_M2	1	ILMN_1700147	9.0352781175	0.859728431758329	1	ILMN_1700147	9.0352781175	0.859728431758329	1	TRUE
9213	XPR1	VIR_M1a	2	ILMN_2104106	7.21955692	0.0738715132430291	1	ILMN_2104106	7.21955692	0.0738715132430291	1	TRUE
81030	ZBP1	VIR_M1a	1	ILMN_1765994	9.167904955	1.65929562993849	1	ILMN_1765994	9.167904955	1.65929562993849	1	TRUE
22890	ZBTB1	VIR_M1a;VIR_M2	1	ILMN_1750246	5.9247083795	0.0124127715969747	1	ILMN_1750246	5.9247083795	0.0124127715969747	1	TRUE
57621	ZBTB2	VIR_M2	1	ILMN_1766247	6.1025971885	0.0110277665588149	1	ILMN_1766247	6.1025971885	0.0110277665588149	1	TRUE
26137	ZBTB20	VIR_M1b;VIR_M2	1	ILMN_1689456	7.655431318	0.173037112181984	1	ILMN_1689456	7.655431318	0.173037112181984	1	TRUE
7597	ZBTB25	VIR_M2	2	ILMN_2048982	6.4357829815	0.052310886477183	1	ILMN_2048982	6.4357829815	0.052310886477183	1	TRUE
57684	ZBTB26	VIR_M2	1	ILMN_1718668	5.959847581	0.0153015722379823	1	ILMN_1718668	5.959847581	0.0153015722379823	1	TRUE
10009	ZBTB33	VIR_M2	1	ILMN_1673138	8.206867431	0.203495538377492	1	ILMN_1673138	8.206867431	0.203495538377492	1	TRUE
84614	ZBTB37	VIR_M2	1	ILMN_1785960	5.844006355	0.0191978936815658	1	ILMN_1785960	5.844006355	0.0191978936815658	1	TRUE
9880	ZBTB39	VIR_M2	1	ILMN_1681154	6.1540192095	0.00795855744951931	1	ILMN_1681154	6.1540192095	0.00795855744951931	1	TRUE
166793	ZBTB49	VIR_M2	1	ILMN_2103388	6.723584658	0.0582959384835747	1	ILMN_2103388	6.723584658	0.0582959384835747	1	TRUE
10773	ZBTB6	VIR_M2	1	ILMN_1727218	6.1387836495	0.0109119209355692	1	ILMN_1727218	6.1387836495	0.0109119209355692	1	TRUE
56829	ZC3HAV1	VIR_M1a;VIR_M1b	3	ILMN_1667068	9.1213707265	0.213854877400186	1	ILMN_1729973	7.548599832	0.351814293323034	1	FALSE
85364	ZCCHC3	VIR_M1a	1	ILMN_1786852	6.485165339	0.0408880521432169	1	ILMN_1786852	6.485165339	0.0408880521432169	1	TRUE
10771	ZMYND11	VIR_M1a	3	ILMN_1754234	8.3606609965	0.393042110212042	1	ILMN_1754234	8.3606609965	0.393042110212042	1	TRUE
7690	ZNF131	VIR_M2	1	ILMN_2178088	5.9954997835	0.0243197265986447	1	ILMN_2178088	5.9954997835	0.0243197265986447	1	TRUE
7693	ZNF134	VIR_M2	1	ILMN_1768809	6.4298352405	0.033263832967794	1	ILMN_1768809	6.4298352405	0.033263832967794	1	TRUE
137209	ZNF572	VIR_M2	1	ILMN_1802974	5.97019779	0.0149749459663908	1	ILMN_1802974	5.97019779	0.0149749459663908	1	TRUE
