rna_id	group	lib.size	norm.factors	metadata_status	caution_flags
00943	non_covid_viral	46188474	0.984781518539984	mapped_to_sample_key	none
105791	non_covid_viral	28616633	1.05009353701165	mapped_to_sample_key	none
105824	non_covid_viral	41797358	1.03010728454274	mapped_to_sample_key	none
105834	non_covid_viral	46188909	0.877083322988739	mapped_to_sample_key	none
105841	non_covid_viral	61054072	1.09269161499992	mapped_to_sample_key	none
105842	non_covid_viral	52736398	1.00002636461983	mapped_to_sample_key	none
105847	non_covid_viral	52639939	1.2945916137606	mapped_to_sample_key	none
105848	non_covid_viral	38396067	1.01080066110581	mapped_to_sample_key	none
105853	non_covid_viral	51155333	1.09975323657265	mapped_to_sample_key	none
105861	non_covid_viral	47204212	0.699411508939957	mapped_to_sample_key	none
105920	non_covid_viral	53243920	1.07855916961447	mapped_to_sample_key	none
105927	non_covid_viral	67773257	0.871880274463416	mapped_to_sample_key	none
105929	non_covid_viral	50193706	0.629896292069088	mapped_to_sample_key	none
234301	non_covid_viral	55619073	1.16722276236012	mapped_to_sample_key	none
234326	non_covid_viral	40799001	1.19053226792551	mapped_to_sample_key	none
234330	non_covid_viral	62631615	1.00899481572019	mapped_to_sample_key	none
234376	non_covid_viral	64516089	1.07766622572427	mapped_to_sample_key	none
234377	non_covid_viral	41746503	1.07083174808258	mapped_to_sample_key	none
234432	non_covid_viral	36931994	0.900215439835457	mapped_to_sample_key	none
234435	non_covid_viral	53981325	0.855572002600557	mapped_to_sample_key	none
434294	non_covid_viral	53195965	1.03223186961464	mapped_to_sample_key	none
434316	non_covid_viral	57137496	1.070004039192	mapped_to_sample_key	none
434323	non_covid_viral	62344450	1.08050299996728	mapped_to_sample_key	none
434325	non_covid_viral	129949653	1.14540408059166	mapped_to_sample_key	none
434330	non_covid_viral	32327476	0.98409154592235	mapped_to_sample_key	none
434333	non_covid_viral	57726248	0.891703876257121	mapped_to_sample_key	none
434335	non_covid_viral	42645881	1.00024971464339	mapped_to_sample_key	none
434393	non_covid_viral	53542353	1.12359459184552	mapped_to_sample_key	none
434399	non_covid_viral	53451981	0.995558551981131	mapped_to_sample_key	none
434486	non_covid_viral	49093438	0.89841205463701	mapped_to_sample_key	none
434517	non_covid_viral	50944729	1.04002266879827	mapped_to_sample_key	none
434518	non_covid_viral	56703058	1.09923952801583	mapped_to_sample_key	none
434532	non_covid_viral	43296992	1.05701032471968	mapped_to_sample_key	none
434537	non_covid_viral	51089516	1.1996754489294	mapped_to_sample_key	none
434557	non_covid_viral	52965707	0.983578381701105	mapped_to_sample_key	none
434567	non_covid_viral	46707444	0.958299548781255	mapped_to_sample_key	none
434570	non_covid_viral	48443088	0.899696518031895	mapped_to_sample_key	none
434596	non_covid_viral	16263831	1.44784761679148	mapped_to_sample_key	none
434597	non_covid_viral	46067453	1.01691857319903	mapped_to_sample_key	none
434602	non_covid_viral	46564157	1.08336586266428	mapped_to_sample_key	none
434619	non_covid_viral	44242822	1.28583161066996	mapped_to_sample_key	none
434735	non_covid_viral	43279166	1.17204718045504	mapped_to_sample_key	none
434740	non_covid_viral	54693734	1.04892650092914	mapped_to_sample_key	none
434756	non_covid_viral	61404620	1.00268268418025	mapped_to_sample_key	none
434757	non_covid_viral	40699302	1.24303124624615	mapped_to_sample_key	none
434766	non_covid_viral	38627519	1.03704066699825	mapped_to_sample_key	none
434768	non_covid_viral	40222607	0.994804625721199	mapped_to_sample_key	none
434777	non_covid_viral	20292366	1.20083867837941	mapped_to_sample_key	none
434794	non_covid_viral	35026215	1.33334420934176	mapped_to_sample_key	none
434809	non_covid_viral	55598803	1.00007366103819	mapped_to_sample_key	none
434859	non_covid_viral	29090114	0.915562766588516	mapped_to_sample_key	none
94189	bacterial	52399249	0.982766206706415	mapped_to_sample_key	none
94486	bacterial	42035171	0.854655049004001	mapped_to_sample_key	none
95967	bacterial	52691258	0.756463802962846	mapped_to_sample_key	none
95968	bacterial	61762923	0.711876687253935	mapped_to_sample_key	none
95969	bacterial	50471534	0.813235525794769	mapped_to_sample_key	none
95970	bacterial	50148154	1.11255468787498	mapped_to_sample_key	none
95971	bacterial	41594084	1.05411117104202	mapped_to_sample_key	none
95981	bacterial	55493483	1.27381181875237	mapped_to_sample_key	none
95982	bacterial	62124936	0.592020839584224	mapped_to_sample_key	none
95986	bacterial	52860215	0.707579668341183	mapped_to_sample_key	none
95994	bacterial	62456292	0.643860666143014	mapped_to_sample_key	none
95996	bacterial	53247291	0.705268414962223	mapped_to_sample_key	none
95997	bacterial	54592601	0.793527575617612	mapped_to_sample_key	none
96004	bacterial	51769291	0.968297440629746	mapped_to_sample_key	none
97389	bacterial	43354160	0.901681900292906	mapped_to_sample_key	none
97392	bacterial	43013979	1.06639070316353	mapped_to_sample_key	none
97394	bacterial	40181770	0.760856319142602	mapped_to_sample_key	none
97395	bacterial	52584309	0.820269169309357	mapped_to_sample_key	none
97403	bacterial	65772285	0.963348035765386	mapped_to_sample_key	none
97406	bacterial	46271754	0.938045899127717	mapped_to_sample_key	none
97407	bacterial	53765025	0.784086589977001	mapped_to_sample_key	none
DU09-02S0000141	non_covid_viral	54691411	1.19937774212073	mapped_to_sample_key	none
DU09-02S0000142	non_covid_viral	43044294	1.16748507003572	mapped_to_sample_key	none
DU09-02S0000143	non_covid_viral	51464819	1.07874197311504	mapped_to_sample_key	none
DU09-02S0000144	non_covid_viral	56816355	1.0520980783699	mapped_to_sample_key	none
DU09-02S0000145	non_covid_viral	60708830	1.31380513955964	mapped_to_sample_key	none
DU09-02S0000146	non_covid_viral	43597237	1.00535105253782	mapped_to_sample_key	none
DU09-03S0000604	non_covid_viral	50334983	0.876936862406027	mapped_to_sample_key	none
DU09-03S0000611	non_covid_viral	52153587	1.0280357272754	mapped_to_sample_key	none
DU09-03S0000632	non_covid_viral	50013166	1.31255898592686	mapped_to_sample_key	none
DU09-03S0000774	non_covid_viral	43601620	1.52467553204369	mapped_to_sample_key	none
DU09-03S0000775	non_covid_viral	56409486	0.974985146491566	mapped_to_sample_key	none
DU09-03S19475	bacterial	60620817	1.06925027487335	mapped_to_sample_key	none
DU09-03S19478	non_covid_viral	48507229	1.40797487945881	mapped_to_sample_key	none
DU09-03S19498	bacterial	54883637	0.835693262507101	mapped_to_sample_key	none
DU10-01S0000032	non_covid_viral	48949732	0.762122057533615	mapped_to_sample_key	none
DU10-01S0000709	non_covid_viral	40439639	1.07694484147173	mapped_to_sample_key	none
DU14-02S0000001	non_covid_viral	42261570	0.903528485244048	mapped_to_sample_key	none
DU14-02S0000002	non_covid_viral	48992608	0.868451521820363	mapped_to_sample_key	none
DU14-02S0000003	non_covid_viral	42752070	1.18755154671106	mapped_to_sample_key	none
DU14-02S0000004	non_covid_viral	39690432	1.23145751628071	mapped_to_sample_key	none
DU14-02S0000005	non_covid_viral	50826542	1.0225762863658	mapped_to_sample_key	none
DU14-02S0000006	non_covid_viral	54084547	0.918781271862435	mapped_to_sample_key	none
DU14-02S0000007	non_covid_viral	58931589	1.16069637209199	mapped_to_sample_key	none
DU14-02S0000008	non_covid_viral	63738009	0.99702610983554	mapped_to_sample_key	none
DU14-02S0000009	non_covid_viral	58972350	1.01283393758488	mapped_to_sample_key	none
DU14-03S0000878	non_covid_viral	46383048	1.14934897421408	mapped_to_sample_key	none
DU14-03S0000889	non_covid_viral	50638516	0.989379378129382	mapped_to_sample_key	none
