base_sample_id	sample_group	projection_role	BACT_M1	BACT_M2	VIR_M1a	VIR_M1b	VIR_M2
DefiniteBacterial_01	DefiniteBacterial	primary_bacterial	2.60735663433824	1.67753118512858	0.262775986443028	0.0709121632020255	0.580244612421112
DefiniteBacterial_02	DefiniteBacterial	primary_bacterial	-0.849232776982914	-1.13451943579909	-0.959758181870515	-0.854564418001147	-0.984294745737874
DefiniteBacterial_03	DefiniteBacterial	primary_bacterial	0.189597302159481	0.374465858942368	0.00617892482447554	0.147657053268136	-0.0410110801168973
DefiniteBacterial_04	DefiniteBacterial	primary_bacterial	-0.761804803390448	-0.594714561544721	0.3752145730634	0.955707699770809	-0.235654603177116
DefiniteBacterial_05	DefiniteBacterial	primary_bacterial	-0.255133690603273	-0.149756383437109	0.189221631498965	0.338434771791557	0.113169800743616
DefiniteBacterial_06	DefiniteBacterial	primary_bacterial	0.017844614236141	0.234772750235478	0.547500037782538	0.611248482344061	0.363537086294715
DefiniteBacterial_07	DefiniteBacterial	primary_bacterial	-0.052180220429805	0.298243894157371	-0.337501390607425	-0.62835075308506	-0.0293916340049501
DefiniteBacterial_08	DefiniteBacterial	primary_bacterial	-0.25921804989844	0.0618144083445979	-0.637842433324766	-0.529653978889769	-0.510381249332079
DefiniteBacterial_09	DefiniteBacterial	primary_bacterial	-0.284056669735409	0.288437993806103	-0.101278065858953	0.0124035738643126	-0.432559869535729
DefiniteBacterial_10	DefiniteBacterial	primary_bacterial	0.655573101218973	-0.145283303299037	-0.461976651458609	-0.570967608247402	-0.420680463683391
DefiniteBacterial_11	DefiniteBacterial	primary_bacterial	0.0425520094513683	0.128876663637016	-0.278700800541489	-0.598747770453505	-0.024139766179706
DefiniteBacterial_12	DefiniteBacterial	primary_bacterial	-0.346787176428979	-0.157974181317582	-0.658373786112726	-0.759301301171211	-0.617074786543143
DefiniteBacterial_13	DefiniteBacterial	primary_bacterial	-0.13619843531726	0.421901505009859	-0.43633523431379	-0.483075579422903	-0.372980186064997
DefiniteBacterial_14	DefiniteBacterial	primary_bacterial	0.00774525219530273	0.412416771398355	-0.0467513862973382	-0.358830779024932	0.244256333054766
DefiniteBacterial_15	DefiniteBacterial	primary_bacterial	0.922345853647015	0.190606677441174	-0.138334324021263	-0.424761231856758	-0.0767041805787151
DefiniteBacterial_16	DefiniteBacterial	primary_bacterial	0.64610970257567	1.10556046451468	0.531995397486429	0.136308324058467	0.723974482028934
DefiniteBacterial_17	DefiniteBacterial	primary_bacterial	1.42224496141278	0.96572411640829	-0.118792215678299	-0.2277186283337	-0.183946411002802
DefiniteBacterial_18	DefiniteBacterial	primary_bacterial	-0.679203529987456	-0.857583040411632	-0.694343967540947	-0.77913983860844	-0.549528931606871
DefiniteBacterial_19	DefiniteBacterial	primary_bacterial	3.1721471245093	1.98526871180949	0.113339831989892	-0.0807904239815625	0.355348070633898
DefiniteBacterial_20	DefiniteBacterial	primary_bacterial	0.392390360345842	0.249299384678613	-0.0417801809365289	0.17426953276985	0.00177327659371084
DefiniteBacterial_21	DefiniteBacterial	primary_bacterial	0.15825763720739	-0.0576141982290635	0.0597429846930246	-0.10640385118729	0.533759707896214
DefiniteBacterial_22	DefiniteBacterial	primary_bacterial	-0.125591626426533	0.179578397607823	0.127763364899462	-0.0878613841478722	0.380910721912236
DefiniteBacterial_23	DefiniteBacterial	primary_bacterial	-0.712788264760794	-1.04057771970866	-1.01426600256514	-1.12754526356343	-1.07453596693611
DefiniteBacterial_24	DefiniteBacterial	primary_bacterial	1.7424357402415	1.63774713071744	0.19350273256953	0.188256776257269	0.548014036134304
DefiniteBacterial_25	DefiniteBacterial	primary_bacterial	-0.0151911584855914	-0.253456055799347	-0.64629740871422	-0.740721028489834	-0.540615592308525
DefiniteBacterial_26	DefiniteBacterial	primary_bacterial	-0.0379524710551541	0.282542620939154	-0.216384102747538	-0.174676345446563	-0.225362721381605
DefiniteBacterial_27	DefiniteBacterial	primary_bacterial	0.893771427190524	1.17986247702036	-0.370856841293161	-0.346609763153622	-0.336432223862555
DefiniteBacterial_28	DefiniteBacterial	primary_bacterial	-0.0086835347914081	0.0193763243584659	-0.243611734673184	-0.631317449666147	-0.217413593226266
DefiniteBacterial_29	DefiniteBacterial	primary_bacterial	-0.613538150334998	-0.343782050883436	-0.567389399400491	-0.689170719059935	-0.352901779727865
DefiniteBacterial_30	DefiniteBacterial	primary_bacterial	-0.0593018271151929	0.466418736343866	-0.347307980936757	-0.281468379433539	-0.184383881424728
DefiniteBacterial_31	DefiniteBacterial	primary_bacterial	0.465506942434493	0.334817075098276	-0.247459781055089	-0.415877961005783	-0.106383163402218
DefiniteBacterial_32	DefiniteBacterial	primary_bacterial	-0.217271990768025	-0.0902034457727163	-0.402005107014328	-0.462261600456167	-0.35433608943768
DefiniteBacterial_33	DefiniteBacterial	primary_bacterial	-0.333877858376571	-0.00404719104704123	-0.481931410974375	-0.55368469333692	-0.318206053099842
DefiniteBacterial_34	DefiniteBacterial	primary_bacterial	0.758691124233769	0.200256154437731	-0.294040458783776	-0.246879554931058	0.0364494103653569
DefiniteBacterial_35	DefiniteBacterial	primary_bacterial	-0.463097958435921	0.213849857174585	-0.589274826795691	-0.625665750754163	-0.322152334665645
DefiniteBacterial_36	DefiniteBacterial	primary_bacterial	-0.142690148230977	0.379048310593663	0.081793327405728	0.113010349621572	0.11578561231569
DefiniteBacterial_37	DefiniteBacterial	primary_bacterial	-0.164476789239128	-0.195535602148534	-0.563328904306079	-0.524778524154692	-0.377864437361431
DefiniteBacterial_38	DefiniteBacterial	primary_bacterial	0.224088536018486	0.158015133406362	-0.166609953736863	-0.528911175660028	0.168447918878055
DefiniteBacterial_39	DefiniteBacterial	primary_bacterial	0.926109727586173	0.73752807408705	-0.301934503540833	-0.519808775156205	0.248873833876015
DefiniteBacterial_40	DefiniteBacterial	primary_bacterial	-0.729757148611183	-0.541460738716982	-0.449672770187006	-0.737315289879155	-0.176048844037696
DefiniteBacterial_41	DefiniteBacterial	primary_bacterial	-0.575490281479515	-0.787564030505285	-0.647449300549975	-0.704691436418426	-0.563476323780636
DefiniteBacterial_42	DefiniteBacterial	primary_bacterial	-1.26592791003758	-1.25751930143684	-1.09055320590021	-1.24824904615259	-1.048203945116
DefiniteBacterial_43	DefiniteBacterial	primary_bacterial	-0.772257496228514	-0.493731406926018	-0.512906308876606	-0.702588141097738	-0.499432372199601
DefiniteBacterial_44	DefiniteBacterial	primary_bacterial	-0.231930360256412	0.22244684653532	-0.486519105518331	-0.549706721432151	-0.302540210828589
DefiniteBacterial_45	DefiniteBacterial	primary_bacterial	-0.456230522237436	0.0228112075519098	-0.546637657954762	-0.560527865212253	-0.367555630292729
DefiniteBacterial_46	DefiniteBacterial	primary_bacterial	0.582351528532022	0.78372969312604	0.112484925377969	-0.266504154182442	0.297707778464488
DefiniteBacterial_47	DefiniteBacterial	primary_bacterial	-0.457255443105735	-0.426028110852735	-0.496229201351019	-0.383204886102609	-0.298240485233689
DefiniteBacterial_48	DefiniteBacterial	primary_bacterial	0.0927154166242319	-0.204766946628452	-0.410036910204569	-0.623626319022573	-0.332893322175255
DefiniteBacterial_49	DefiniteBacterial	primary_bacterial	0.0442169598757344	0.230066953486091	-0.469954759604627	-0.392718051210926	-0.221867377445766
DefiniteBacterial_50	DefiniteBacterial	primary_bacterial	0.223460327213807	0.423273780614957	-0.397303858026204	-0.520157255490738	-0.153404702621342
DefiniteBacterial_51	DefiniteBacterial	primary_bacterial	0.671378809248976	0.534706648334984	-0.30951869676232	-0.299530403763653	-0.150338127671055
DefiniteBacterial_52	DefiniteBacterial	primary_bacterial	-0.252924017499664	-0.228016692080996	-0.553398125821657	-0.684349535696381	-0.393184289382317
DefiniteViral_01	DefiniteViral	primary_viral	-0.838524314191345	-0.8125299137938	-0.187532298462368	-0.156800613982849	-0.285215385808085
DefiniteViral_02	DefiniteViral	primary_viral	-0.726261150734848	-0.391446063206079	0.606941928068066	0.763820794487761	0.358333263762735
DefiniteViral_03	DefiniteViral	primary_viral	-0.706745240195467	-0.555251991521986	-0.0472394497301534	0.400556700778349	-0.176645059879051
DefiniteViral_04	DefiniteViral	primary_viral	3.05597081257787	2.13265637933529	0.299637883348906	0.103635589989032	0.574990408098487
DefiniteViral_05	DefiniteViral	primary_viral	-0.409963146125226	-0.231176854709378	0.265131001084467	0.215071761369629	0.0660911860378098
DefiniteViral_06	DefiniteViral	primary_viral	-0.230950286897053	0.215747468561403	0.949613676821789	0.823983242152488	0.89258806659898
DefiniteViral_07	DefiniteViral	primary_viral	-0.825477074935059	-0.578876948349818	0.171860106099308	0.316368891261113	0.0614872223035299
DefiniteViral_08	DefiniteViral	primary_viral	-0.196906024584556	0.177077334618035	0.968215758895694	1.39186639086675	0.624015558275787
DefiniteViral_09	DefiniteViral	primary_viral	-0.567611023706557	-0.353389502161021	0.612716068874088	0.907612597663933	0.246084768795102
DefiniteViral_10	DefiniteViral	primary_viral	-0.775760851050543	-0.552751236543437	-0.255343197001123	-0.229719150522955	-0.319020977646948
DefiniteViral_11	DefiniteViral	primary_viral	0.190646604372123	0.784240323392601	1.19275114294763	1.37281230559467	0.914018680602668
DefiniteViral_12	DefiniteViral	primary_viral	0.174612987843025	0.40944909289471	0.327892849554321	0.169581035545628	0.378657720134711
DefiniteViral_13	DefiniteViral	primary_viral	-0.537763448140722	0.122078554948902	1.03495335396227	0.923820861176111	0.745807952682043
DefiniteViral_14	DefiniteViral	primary_viral	0.488702616035134	0.76440999591973	0.796688234466559	0.822992863899392	0.792467745095265
DefiniteViral_15	DefiniteViral	primary_viral	-0.189782798901884	0.0014591648621912	0.46533605713486	0.511918492314893	0.341502614140496
DefiniteViral_16	DefiniteViral	primary_viral	2.64853451410676	2.14118157803827	1.18162649283884	0.922114065221133	1.24937785033215
DefiniteViral_17	DefiniteViral	primary_viral	-0.400823482771791	-0.347850698406791	-0.0879582701089058	-0.187952116619083	-0.0289688128874186
DefiniteViral_18	DefiniteViral	primary_viral	-0.0318138521827178	0.167380793468355	1.22673391289814	1.57244806030965	0.795846813813106
DefiniteViral_19	DefiniteViral	primary_viral	0.0890262093929983	-0.0248728112298999	0.116331045659449	0.0922709432507065	0.223736321494107
DefiniteViral_20	DefiniteViral	primary_viral	1.2482505466696	1.37891567458062	0.644192962126701	0.501528970920516	0.542517262076997
DefiniteViral_21	DefiniteViral	primary_viral	-0.532014820851803	0.0129995863825329	1.47190641767264	2.05499880762127	0.737595156524555
DefiniteViral_22	DefiniteViral	primary_viral	-0.181430090219399	-0.148198120370165	0.421851328710811	0.507933091316489	0.233053909512236
DefiniteViral_23	DefiniteViral	primary_viral	0.283430765788693	0.586015844883312	0.679662899288251	0.645133437494199	0.8783398690821
DefiniteViral_24	DefiniteViral	primary_viral	-0.47120293714718	-0.50661291967123	0.0507821177090979	0.346550690478953	-0.0718361983607383
DefiniteViral_25	DefiniteViral	primary_viral	-0.665135201348258	-0.933288956038002	-0.282542472715572	0.115644042278416	-0.427750545348763
DefiniteViral_26	DefiniteViral	primary_viral	0.48171758851042	0.565501281656317	0.103302279017089	0.0943684962336635	0.208796485906442
DefiniteViral_27	DefiniteViral	primary_viral	-0.178190944890041	-0.548469581774096	-0.580905241679675	-0.81660873215716	-0.466916286350302
DefiniteViral_28	DefiniteViral	primary_viral	-0.605408461092157	-0.046522621878821	-0.139985438126187	-0.467890890863744	-0.0872854008454766
DefiniteViral_29	DefiniteViral	primary_viral	2.34724254942131	1.11649642486849	0.756509022296417	0.63582654359092	0.832597207631099
DefiniteViral_30	DefiniteViral	primary_viral	-0.403927910043124	-0.036378306568031	0.312272031364894	0.350682751355782	0.161988673019142
DefiniteViral_31	DefiniteViral	primary_viral	0.04356670343314	0.551284402336482	0.837946742764975	0.783532434547003	0.761289676079723
DefiniteViral_32	DefiniteViral	primary_viral	-0.739506017352989	-0.156199982736053	1.5521409113658	1.89126576982633	0.882044720144274
DefiniteViral_33	DefiniteViral	primary_viral	0.037045870646355	0.132712613800261	-0.28277924724521	-0.249976823754967	-0.202296022372478
DefiniteViral_34	DefiniteViral	primary_viral	0.759280391284213	0.909840456544409	1.08462883119517	0.926026509328619	1.19655146570935
DefiniteViral_35	DefiniteViral	primary_viral	-0.912621643359946	-0.682662146729348	0.33519139883912	0.270993541865929	0.342252251764832
DefiniteViral_36	DefiniteViral	primary_viral	0.0567399696840342	-0.289912646848339	0.871338336722527	1.33091345634451	0.382662209006124
DefiniteViral_37	DefiniteViral	primary_viral	-0.617651474157361	-0.326836827560692	0.856996599421423	1.42345862941781	0.423557691230727
DefiniteViral_38	DefiniteViral	primary_viral	-0.78841239934782	-0.614355919957431	0.430137551220431	0.830029507639264	0.111449111676278
DefiniteViral_39	DefiniteViral	primary_viral	0.871391724270404	0.79837221057615	0.43969821767937	0.324075006759169	0.286090453381501
DefiniteViral_40	DefiniteViral	primary_viral	-0.992196077646882	-0.916187324689681	0.0806723914585689	0.341193953566186	-0.143666314671675
DefiniteViral_41	DefiniteViral	primary_viral	-1.1050917257239	-0.941837499492153	0.662862143256275	1.36094580050558	-0.0218138948666288
DefiniteViral_42	DefiniteViral	primary_viral	-0.690752602169326	-0.618246663827602	0.168732899898023	0.352387092133086	-0.0197391867330989
DefiniteViral_43	DefiniteViral	primary_viral	-0.895219467333693	-1.01357656506381	-0.078133075853087	0.212315539019913	-0.48505195903294
DefiniteViral_44	DefiniteViral	primary_viral	-0.308231643712567	-0.174368665064952	0.929315688468419	1.54267391264489	0.462857188923167
DefiniteViral_45	DefiniteViral	primary_viral	0.65436880445452	0.523613877985351	0.41797765186682	0.410607535252798	0.646807614466175
DefiniteViral_46	DefiniteViral	primary_viral	0.778269837647342	0.831168971373302	0.520772300990597	0.505227791563052	0.408749136175974
DefiniteViral_47	DefiniteViral	primary_viral	0.408804708279062	0.458707388305709	-0.0282868736794015	-0.410160490718818	0.171982074351402
DefiniteViral_48	DefiniteViral	primary_viral	0.323413966438875	-0.199882871770194	-0.371645610791654	-0.617139370122589	-0.237862319305095
DefiniteViral_49	DefiniteViral	primary_viral	0.0220723429119995	-0.278987495341579	0.432944082384732	0.570134392920932	0.461074134634476
DefiniteViral_50	DefiniteViral	primary_viral	3.14700412124618	2.16000426804277	0.573276556422354	0.378430704709404	0.825841342753427
DefiniteViral_51	DefiniteViral	primary_viral	-0.1066395979761	-0.383689855426171	-0.225082765446644	-0.263246311644317	-0.284353844492873
DefiniteViral_52	DefiniteViral	primary_viral	0.248752702504656	0.0783511627294385	-0.297216634950464	-0.297840087902468	-0.244128633932811
DefiniteViral_53	DefiniteViral	primary_viral	1.68846633975625	0.922475340758295	-0.113057468949797	-0.378423477032905	0.0243818462167038
DefiniteViral_54	DefiniteViral	primary_viral	0.00412765069867946	-0.153663206268353	0.100177400535805	0.224937172447409	0.0653469687182674
DefiniteViral_55	DefiniteViral	primary_viral	1.17696606934057	0.466759050829241	-0.181705506209764	-0.436056214704342	-0.206167318804337
DefiniteViral_56	DefiniteViral	primary_viral	-0.3077563640224	-0.336233791652337	-0.0151889976250654	0.142832057151711	-0.00438464975364637
DefiniteViral_57	DefiniteViral	primary_viral	-0.725870038408682	-0.715791686641222	-0.62285662185044	-0.746887905626056	-0.479190317685122
DefiniteViral_58	DefiniteViral	primary_viral	-0.313110230039799	-0.246510245619316	-0.170985581605702	-0.142089979215504	-0.17662600819066
DefiniteViral_59	DefiniteViral	primary_viral	0.759008251174943	0.691702192192633	0.480880077437741	0.218618596626715	0.782638685365949
DefiniteViral_60	DefiniteViral	primary_viral	-0.791761509461025	-0.857017648242211	-0.754384584707969	-0.80670427124825	-0.685950791770664
DefiniteViral_61	DefiniteViral	primary_viral	-0.423230208060439	-0.647329692848277	-0.631756781678176	-0.799945363456805	-0.544154251631259
DefiniteViral_62	DefiniteViral	primary_viral	-0.13322373139201	0.0229453498158044	0.211935823977915	0.243621252821238	0.33371967133382
DefiniteViral_63	DefiniteViral	primary_viral	-0.609349922699918	-0.451424081568564	-0.180924001025802	-0.224071986303223	-0.305894115939578
DefiniteViral_64	DefiniteViral	primary_viral	-0.30190629001621	-0.0903705712606636	0.229537642781762	0.278125008222398	0.148740279385471
DefiniteViral_65	DefiniteViral	primary_viral	-0.173577204600559	0.165234896020179	0.20554400152668	0.174009315513738	0.253135140177984
DefiniteViral_66	DefiniteViral	primary_viral	-0.301282625683658	-0.595601419309885	-0.729722910542052	-0.696912026203466	-0.780120503150653
DefiniteViral_67	DefiniteViral	primary_viral	-0.34639428306838	-0.0879930049338753	0.169619023189164	0.47517240005775	-0.070397326251029
DefiniteViral_68	DefiniteViral	primary_viral	-0.07760895505416	-0.291335775552209	-0.295390975871293	-0.215575984075902	-0.455602063673686
DefiniteViral_69	DefiniteViral	primary_viral	-0.19542691006501	-0.241418159820802	-0.40524697508962	-0.441046824292561	-0.371001219293396
DefiniteViral_70	DefiniteViral	primary_viral	0.00889901228516137	0.0785971984772039	-0.20172396780637	-0.172588561997626	-0.310188738059033
DefiniteViral_71	DefiniteViral	primary_viral	-0.0607898340869506	0.0521423365323937	-0.324301490027332	-0.637227460454372	-0.177091067825803
DefiniteViral_72	DefiniteViral	primary_viral	-0.594952358017988	-0.754701983247003	-0.372733168240021	-0.19485188305325	-0.718290320719203
DefiniteViral_73	DefiniteViral	primary_viral	0.247887699649613	0.265993882087438	0.0115852354893565	0.135579788162839	-0.171133580388642
DefiniteViral_74	DefiniteViral	primary_viral	-1.08166038534867	-1.12859612925009	-0.838734973988273	-0.960506486649903	-0.676497409814087
DefiniteViral_75	DefiniteViral	primary_viral	-0.40861360141865	-0.3452339876866	-0.174108716868525	-0.17499763764738	-0.132689141654429
DefiniteViral_76	DefiniteViral	primary_viral	-0.438373511431104	-0.616467349760693	0.446312663526372	0.865999139106592	0.188010957190437
DefiniteViral_77	DefiniteViral	primary_viral	-0.566103489232576	-0.914723467451626	-0.156912654219101	0.0193703850427453	-0.375931528226446
DefiniteViral_78	DefiniteViral	primary_viral	-0.962192054189833	-0.864410133442445	-0.277633075246634	-0.066633399585007	-0.561663195587351
DefiniteViral_79	DefiniteViral	primary_viral	0.581421290814429	-0.0553734727381662	0.742714747425111	1.18919807851602	0.397468629210308
DefiniteViral_80	DefiniteViral	primary_viral	-0.950265301667489	-1.04773706943834	-0.149542842664095	0.157163204874723	-0.458993557547599
DefiniteViral_81	DefiniteViral	primary_viral	-0.328242078685404	-0.713258181235861	-0.626339641349794	-0.853979626151028	-0.457896919750101
DefiniteViral_82	DefiniteViral	primary_viral	0.24985178876604	0.0243756978680491	0.244702512137635	0.129227674753773	0.655333036139244
DefiniteViral_83	DefiniteViral	primary_viral	-0.453653729008386	-0.690389450410652	-0.697419033546107	-0.927341337064547	-0.597328196558323
DefiniteViral_84	DefiniteViral	primary_viral	-0.3632554597766	-0.645725861714415	-0.505764165362919	-0.781704926616995	-0.192557938791413
DefiniteViral_85	DefiniteViral	primary_viral	0.286059032975464	0.297632319494779	0.186917067025879	-0.047213486938957	0.501660889253485
DefiniteViral_86	DefiniteViral	primary_viral	-0.749350347947446	-0.662710333370352	-0.621436561600202	-0.766587660999193	-0.589777562397881
DefiniteViral_87	DefiniteViral	primary_viral	0.6051510292163	0.270605717340969	1.75350714355387	2.14689166507915	1.06826020276757
DefiniteViral_88	DefiniteViral	primary_viral	0.709850360844536	0.398299663510541	-0.371468825745155	-0.557361718671967	-0.295606973185161
DefiniteViral_89	DefiniteViral	primary_viral	-0.596408153232251	-0.588811913545487	-0.488443261274488	-0.289055083022584	-0.285051482120089
DefiniteViral_90	DefiniteViral	primary_viral	0.87054078814079	0.516476805947411	0.0670272636001075	-0.239645584766347	0.452594085687863
DefiniteViral_91	DefiniteViral	primary_viral	0.0409850104710031	-0.0350048386438395	0.00976860113763644	0.198109968868219	-0.236356495071491
DefiniteViral_92	DefiniteViral	primary_viral	-0.760754118693842	-0.627918849206096	-0.603781025678343	-0.747457527542579	-0.477169197341404
DefiniteViral_93	DefiniteViral	primary_viral	-0.633841143643639	-0.589159536584396	-0.691292777460425	-0.864168628961691	-0.569222337677083
DefiniteViral_94	DefiniteViral	primary_viral	-0.905931896155996	-0.970493879206016	-0.511129698292994	-0.465734172496338	-0.545040452699825
